timestamp,camera,connection,battery_pct,charging,charging_effective
2026-10-08T12:46:36,Irvington 1-Madison Ave,connected,80,no,no
2026-10-08T12:46:57,Irvington 2-Clinton Ave,connected,100,no,assumed
2026-10-08T12:47:20,Irvington 3-Lyons Ave,connected,100,no,assumed
2026-10-08T12:47:41,Irvington 4-40 Yale Ave,connected,100,yes,yes
2026-10-08T12:48:03,Irvington 5-Chancellor Park,connected,100,yes,yes
2026-10-08T12:48:23,Woodland Park 1-McBrideAve,connected,100,no,assumed
2026-10-08T12:48:46,Woodland Park 2 -Lackawanna Ave,connected,100,no,assumed
2026-10-08T12:49:08,Woodland Park 4-Andrews Dr,connected,100,no,assumed
2026-10-08T12:49:27,Woodland Park 6-Memorial Drive,connected,100,no,assumed
2026-10-08T12:49:52,Woodland Park 7-Hromiak Terrace,connected,50,yes,yes
2026-10-08T12:50:22,Cedar Grove 1 - Briarhill Rd,connected,100,no,assumed
2026-10-08T12:50:42,Cedar Grove 2 -Community park,connected,96,yes,yes
2026-10-08T12:51:12,Cedar Grove 3 - 653 Pompton Ave,connected,100,yes,yes
2026-10-08T12:51:36,Cedar Grove 4 -13 Commerce Rd,connected,100,no,assumed
2026-10-08T12:51:58,Cedar Grove 6 - 525 Pompton Ave,connected,100,no,assumed
2026-10-08T12:52:19,Scotch Plains1-TD Bank,connected,100,yes,yes
2026-10-08T12:52:40,Scotch Plains 2- Senger Pl,connected,100,no,assumed
2026-10-08T12:53:03,Scotch Plains 3-East Second St,connected,100,no,assumed
2026-10-08T12:53:25,Little Falls 1-LindsleyRd-CGRd,connected,100,no,assumed
2026-10-08T12:53:50,Little Falls 2 - E Main St,connected,100,no,assumed
2026-10-08T12:54:10,Little Falls 3-DPW Yard,connected,100,no,assumed
2026-10-08T12:54:33,Little Falls4-WilliamsStDairySt,connected,100,no,assumed
2026-10-08T12:54:56,Westwood 1 - Westwood Plaza,connected,100,no,assumed
2026-10-08T12:55:18,Westwood 2 - Fairview Ave,connected,100,no,assumed
2026-10-08T12:55:38,Westwood 3 - Brookside Park,connected,100,yes,yes
2026-10-08T12:55:59,Westwood 4 - Bridge By DPW,connected,100,no,assumed
2026-10-08T12:56:21,Verona 1 - E Ried Pl,connected,28,yes,yes
2026-10-08T12:56:45,Verona 2 - Bloomfield Ave,connected,93,yes,yes
2026-10-08T12:57:07,Verona 3 - Franklin St,connected,100,yes,yes
2026-10-08T12:57:27,Verona 4 - Ozone ave,connected,100,no,assumed
2026-10-08T12:57:47,Paterson 2-5th Ave and E 6th St,connected,100,no,assumed
2026-10-08T12:58:09,Paterson3-11th Ave and East25th,connected,100,no,assumed
2026-10-08T12:58:29,Paterson 4-Getty ave,connected,100,no,assumed
2026-10-08T12:58:51,Paterson 5 - Stout Street,connected,100,no,assumed
2026-10-08T12:59:29,Leonia 1 - Broad ave,connected,100,no,assumed
2026-10-08T12:59:50,Leonia 2 - Church Calvert,connected,100,yes,yes
2026-10-08T13:00:17,Leonia 3 - Broad ave East,connected,100,no,assumed
2026-10-08T13:00:38,Englewood 1 - Hamilton Ave,connected,100,yes,yes
2026-10-08T13:00:59,Englewood 2 - Forest Ave,connected,83,yes,yes
2026-10-08T13:01:22,Englewood 3 - Wilbur Street,disconnected,,,
2026-10-08T13:02:05,Englewood 5 - Crystal Lake,connected,100,no,assumed
2026-10-08T13:02:26,Rahway 1 - Jefferson Ave,connected,100,yes,yes
2026-10-08T13:02:47,Rahway 2 - Minor bridge,connected,55,yes,yes
2026-10-08T13:03:08,Rahway 3 - St George Ave,connected,100,no,assumed
2026-10-08T13:03:27,Rahway 4-NB Ave and George Ave,connected,100,no,assumed
2026-10-08T13:03:56,Rahway 5 - E Hazelwood Ave,connected,100,no,assumed
2026-10-08T13:04:19,Plainfield 1-East Front Street,connected,100,no,assumed
2026-10-08T13:04:39,Plainfield 2 - Netherwood Ave,connected,100,no,assumed
2026-10-08T13:05:00,Plainfield 3 - Watchung Ave,connected,21,yes,yes
2026-10-08T13:05:22,Plainfield 4 - Stelle Ave,connected,100,no,assumed
2026-10-08T13:05:43,Plainfield 5 - Leland Ave,connected,100,yes,yes
2026-10-08T13:06:06,Plainfield 6 - Milton Park,connected,100,no,assumed
2026-10-08T13:06:26,Plainfield 7 - Randolph Road,connected,100,yes,yes
2026-10-08T13:06:55,Totowa 1-Lincoln Ave and Union,connected,100,no,assumed
2026-10-08T13:07:25,Totowa 2 - Jefferson Pl,connected,,,
2026-10-08T13:08:02,Totowa 3 - Riverside Dr,connected,,,
2026-10-08T13:08:38,Totowa 4-Riverside Dr Riverview,connected,,,
2026-10-08T13:09:16,Totowa 5-Vreeland Ave,connected,,,
2026-10-08T13:09:53,Dover 1 - Blackwell St,connected,,,
2026-10-08T13:10:36,Dover 2 - Princeton Ave,connected,,,
2026-10-08T13:11:13,Dover 3 - Morris Street,connected,,,
2026-10-08T13:11:48,Dover 4 - E Mcfarlan,connected,,,
2026-10-08T13:12:27,Dover 5 - River St,connected,,,
2026-10-08T13:13:04,Ridgewood 1 - Irving Street,connected,,,
2026-10-08T13:13:40,Ridgewood 2 - Ridgewood Ave,connected,,,
2026-10-08T13:14:18,Ridgewood 3 - Graydon Park,connected,,,
2026-10-08T13:14:56,Ridgewood 4-Irving St Bridge,connected,,,
2026-10-08T13:15:33,Ridgewood 5 - Kingsbridge,connected,,,
2026-10-08T13:17:31,Cedar Grove 2 -Community park,connected,96,yes,yes
2026-10-08T13:18:08,Verona 2 - Bloomfield Ave,connected,100,yes,yes
2026-10-08T13:18:30,Paterson 5 - Stout Street,connected,100,no,assumed
2026-10-08T13:19:21,Leonia 2 - Church Calvert,connected,100,yes,yes
2026-10-08T13:19:46,Englewood 3 - Wilbur Street,disconnected,,,
2026-10-08T13:20:33,Totowa 1-Lincoln Ave and Union,connected,100,no,assumed
2026-10-08T13:21:02,Totowa 2 - Jefferson Pl,connected,100,no,assumed
2026-10-08T13:21:23,Totowa 3 - Riverside Dr,connected,100,no,assumed
2026-10-08T13:21:46,Totowa 4-Riverside Dr Riverview,connected,100,no,assumed
2026-10-08T13:22:08,Totowa 5-Vreeland Ave,connected,100,no,assumed
2026-10-08T13:22:29,Dover 1 - Blackwell St,connected,100,no,assumed
2026-10-08T13:22:56,Dover 2 - Princeton Ave,connected,100,yes,yes
2026-10-08T13:23:18,Dover 3 - Morris Street,connected,50,yes,yes
2026-10-08T13:23:39,Dover 4 - E Mcfarlan,connected,100,no,assumed
2026-10-08T13:24:01,Dover 5 - River St,connected,100,yes,yes
2026-10-08T13:24:23,Ridgewood 1 - Irving Street,connected,100,no,assumed
2026-10-08T13:24:45,Ridgewood 2 - Ridgewood Ave,connected,100,no,assumed
2026-10-08T13:25:07,Ridgewood 3 - Graydon Park,connected,17,yes,yes
2026-10-08T13:25:28,Ridgewood 4-Irving St Bridge,connected,100,no,assumed
2026-10-08T13:25:49,Ridgewood 5 - Kingsbridge,connected,,,
2026-10-08T14:12:40,Irvington 1-Madison Ave,connected,80,no,no
2026-10-08T14:13:07,Woodland Park 7-Hromiak Terrace,connected,58,yes,yes
2026-10-08T14:13:28,Cedar Grove 2 -Community park,connected,96,yes,yes
2026-10-08T14:14:03,Verona 1 - E Ried Pl,connected,32,yes,yes
2026-10-08T14:14:31,Verona 2 - Bloomfield Ave,connected,100,yes,yes
2026-10-08T14:14:53,Paterson 5 - Stout Street,connected,,,
2026-10-08T14:16:28,Englewood 3 - Wilbur Street,disconnected,,,
2026-10-08T14:19:48,Ridgewood 3 - Graydon Park,connected,,,
2026-10-08T15:21:29,Irvington 2-Clinton Ave,connected,100,no,assumed
2026-10-08T15:21:54,Irvington 3-Lyons Ave,connected,100,no,assumed
2026-10-08T15:22:21,Irvington 4-40 Yale Ave,connected,100,yes,yes
2026-10-08T15:22:45,Irvington 5-Chancellor Park,connected,100,yes,yes
2026-10-08T15:23:11,Woodland Park 1-McBrideAve,connected,100,no,assumed
2026-10-08T15:23:37,Woodland Park 2 -Lackawanna Ave,connected,100,no,assumed
2026-10-08T15:24:01,Woodland Park 4-Andrews Dr,connected,100,no,assumed
2026-10-08T15:24:25,Woodland Park 6-Memorial Drive,connected,100,no,assumed
2026-10-08T15:24:54,Woodland Park 7-Hromiak Terrace,connected,53,yes,yes
2026-10-08T15:25:20,Cedar Grove 1 - Briarhill Rd,connected,100,no,assumed
2026-10-08T15:25:43,Cedar Grove 2 -Community park,connected,97,yes,yes
2026-10-08T15:26:17,Cedar Grove 3 - 653 Pompton Ave,connected,100,yes,yes
2026-10-08T15:26:42,Cedar Grove 4 -13 Commerce Rd,connected,100,no,assumed
2026-10-08T15:27:07,Cedar Grove 6 - 525 Pompton Ave,connected,100,no,assumed
2026-10-08T15:27:30,Scotch Plains1-TD Bank,connected,100,no,assumed
2026-10-08T15:27:56,Scotch Plains 2- Senger Pl,connected,100,no,assumed
2026-10-08T15:28:21,Scotch Plains 3-East Second St,connected,100,no,assumed
2026-10-08T15:28:50,Little Falls 1-LindsleyRd-CGRd,connected,100,no,assumed
2026-10-08T15:29:16,Little Falls 2 - E Main St,connected,100,no,assumed
2026-10-08T15:29:40,Little Falls 3-DPW Yard,connected,100,no,assumed
2026-10-08T15:30:05,Little Falls4-WilliamsStDairySt,connected,100,no,assumed
2026-10-08T15:30:27,Westwood 1 - Westwood Plaza,connected,100,no,assumed
2026-10-08T15:31:00,Westwood 2 - Fairview Ave,connected,100,no,assumed
2026-10-08T15:31:25,Westwood 3 - Brookside Park,connected,100,no,assumed
2026-10-08T15:31:49,Westwood 4 - Bridge By DPW,connected,100,no,assumed
2026-10-08T15:32:13,Verona 1 - E Ried Pl,connected,50,yes,yes
2026-10-08T15:32:41,Verona 2 - Bloomfield Ave,connected,100,yes,yes
2026-10-08T15:33:05,Verona 3 - Franklin St,connected,100,yes,yes
2026-10-08T15:33:37,Verona 4 - Ozone ave,connected,100,no,assumed
2026-10-08T15:34:01,Paterson 2-5th Ave and E 6th St,connected,100,no,assumed
2026-10-08T15:34:26,Paterson3-11th Ave and East25th,connected,100,no,assumed
2026-10-08T15:34:52,Paterson 4-Getty ave,connected,100,no,assumed
2026-10-08T15:35:21,Paterson 5 - Stout Street,connected,100,no,assumed
2026-10-08T15:36:37,Leonia 1 - Broad ave,connected,100,no,assumed
2026-10-08T15:37:01,Leonia 2 - Church Calvert,connected,100,no,assumed
2026-10-08T15:37:28,Leonia 3 - Broad ave East,connected,100,no,assumed
2026-10-08T15:37:52,Englewood 1 - Hamilton Ave,connected,100,yes,yes
2026-10-08T15:38:18,Englewood 2 - Forest Ave,connected,85,yes,yes
2026-10-08T15:38:42,Englewood 3 - Wilbur Street,disconnected,,,
2026-10-08T15:39:26,Englewood 5 - Crystal Lake,connected,100,no,assumed
2026-10-08T15:39:52,Rahway 1 - Jefferson Ave,connected,100,no,assumed
2026-10-08T15:40:15,Rahway 2 - Minor bridge,connected,55,yes,yes
2026-10-08T15:40:39,Rahway 3 - St George Ave,connected,100,no,assumed
2026-10-08T15:41:03,Rahway 4-NB Ave and George Ave,connected,100,no,assumed
2026-10-08T15:41:29,Rahway 5 - E Hazelwood Ave,connected,100,no,assumed
2026-10-08T15:41:54,Plainfield 1-East Front Street,connected,100,no,assumed
2026-10-08T15:42:18,Plainfield 2 - Netherwood Ave,connected,100,no,assumed
2026-10-08T15:42:41,Plainfield 3 - Watchung Ave,connected,22,yes,yes
2026-10-08T15:43:10,Plainfield 4 - Stelle Ave,connected,100,no,assumed
2026-10-08T15:43:32,Plainfield 5 - Leland Ave,connected,100,yes,yes
2026-10-08T15:43:57,Plainfield 6 - Milton Park,connected,100,no,assumed
2026-10-08T15:44:22,Plainfield 7 - Randolph Road,connected,100,no,assumed
2026-10-08T15:44:53,Totowa 1-Lincoln Ave and Union,connected,100,no,assumed
2026-10-08T15:45:26,Totowa 2 - Jefferson Pl,connected,100,no,assumed
2026-10-08T15:45:51,Totowa 3 - Riverside Dr,connected,100,no,assumed
2026-10-08T15:46:15,Totowa 4-Riverside Dr Riverview,connected,100,no,assumed
2026-10-08T15:46:41,Totowa 5-Vreeland Ave,connected,100,no,assumed
2026-10-08T15:47:08,Dover 1 - Blackwell St,connected,100,no,assumed
2026-10-08T15:47:36,Dover 2 - Princeton Ave,connected,100,yes,yes
2026-10-08T15:48:44,Dover 4 - E Mcfarlan,connected,100,no,assumed
2026-10-08T15:49:10,Dover 5 - River St,connected,100,no,assumed
2026-10-08T15:49:39,Ridgewood 1 - Irving Street,connected,100,no,assumed
2026-10-08T15:50:04,Ridgewood 2 - Ridgewood Ave,connected,100,no,assumed
2026-10-08T15:50:28,Ridgewood 3 - Graydon Park,connected,16,yes,yes
2026-10-08T15:50:53,Ridgewood 4-Irving St Bridge,connected,100,no,assumed
2026-10-08T15:51:16,Ridgewood 5 - Kingsbridge,connected,8,yes,yes
2026-10-08T22:00:42,Irvington 1-Madison Ave,connected,80,no,no
2026-10-08T22:01:07,Irvington 2-Clinton Ave,connected,100,no,assumed
2026-10-08T22:01:29,Irvington 3-Lyons Ave,connected,100,no,assumed
2026-10-08T22:01:54,Irvington 4-40 Yale Ave,connected,100,no,assumed
2026-10-08T22:02:19,Irvington 5-Chancellor Park,connected,100,no,assumed
2026-10-08T22:02:42,Woodland Park 1-McBrideAve,connected,100,no,assumed
2026-10-08T22:03:08,Woodland Park 2 -Lackawanna Ave,connected,100,no,assumed
2026-10-08T22:03:30,Woodland Park 4-Andrews Dr,connected,100,no,assumed
2026-10-08T22:03:54,Woodland Park 6-Memorial Drive,connected,100,no,assumed
2026-10-08T22:04:21,Woodland Park 7-Hromiak Terrace,connected,53,no,no
2026-10-08T22:04:44,Cedar Grove 1 - Briarhill Rd,connected,100,no,assumed
2026-10-08T22:05:09,Cedar Grove 2 -Community park,connected,99,no,no
2026-10-08T22:05:42,Cedar Grove 3 - 653 Pompton Ave,connected,100,no,assumed
2026-10-08T22:06:49,Cedar Grove 4 -13 Commerce Rd,connected,100,no,assumed
2026-10-08T22:07:15,Cedar Grove 6 - 525 Pompton Ave,connected,100,no,assumed
2026-10-08T22:07:39,Scotch Plains1-TD Bank,connected,100,no,assumed
2026-10-08T22:08:05,Scotch Plains 2- Senger Pl,connected,100,no,assumed
2026-10-08T22:08:27,Scotch Plains 3-East Second St,connected,100,no,assumed
2026-10-08T22:08:53,Little Falls 1-LindsleyRd-CGRd,connected,100,no,assumed
2026-10-08T22:09:18,Little Falls 2 - E Main St,connected,100,no,assumed
2026-10-08T22:09:42,Little Falls 3-DPW Yard,connected,100,no,assumed
2026-10-08T22:10:06,Little Falls4-WilliamsStDairySt,connected,100,no,assumed
2026-10-08T22:10:29,Westwood 1 - Westwood Plaza,connected,100,no,assumed
2026-10-08T22:11:03,Westwood 2 - Fairview Ave,connected,100,no,assumed
2026-10-08T22:11:26,Westwood 3 - Brookside Park,connected,100,no,assumed
2026-10-08T22:11:50,Westwood 4 - Bridge By DPW,connected,98,no,no
2026-10-08T22:12:16,Verona 1 - E Ried Pl,connected,46,no,no
2026-10-08T22:12:43,Verona 2 - Bloomfield Ave,connected,100,no,assumed
2026-10-08T22:13:07,Verona 3 - Franklin St,connected,98,no,no
2026-10-08T22:13:30,Verona 4 - Ozone ave,connected,100,no,assumed
2026-10-08T22:13:55,Paterson 2-5th Ave and E 6th St,connected,100,no,assumed
2026-10-08T22:14:19,Paterson3-11th Ave and East25th,connected,100,no,assumed
2026-10-08T22:14:44,Paterson 4-Getty ave,connected,100,no,assumed
2026-10-08T22:15:09,Paterson 5 - Stout Street,connected,100,no,assumed
2026-10-08T22:16:03,Leonia 1 - Broad ave,connected,100,no,assumed
2026-10-08T22:16:26,Leonia 2 - Church Calvert,connected,100,no,assumed
2026-10-08T22:16:53,Leonia 3 - Broad ave East,connected,100,no,assumed
2026-10-08T22:17:18,Englewood 1 - Hamilton Ave,connected,100,no,assumed
2026-10-08T22:17:43,Englewood 2 - Forest Ave,connected,81,no,no
2026-10-08T22:18:08,Englewood 3 - Wilbur Street,connected,,,
2026-10-08T22:19:02,Englewood 5 - Crystal Lake,connected,100,no,assumed
2026-10-08T22:19:26,Rahway 1 - Jefferson Ave,connected,100,no,assumed
2026-10-08T22:19:50,Rahway 2 - Minor bridge,connected,,,
2026-10-08T22:20:43,Rahway 3 - St George Ave,connected,100,no,assumed
2026-10-08T22:21:07,Rahway 4-NB Ave and George Ave,connected,100,no,assumed
2026-10-08T22:21:33,Rahway 5 - E Hazelwood Ave,connected,100,no,assumed
2026-10-08T22:21:58,Plainfield 1-East Front Street,connected,100,no,assumed
2026-10-08T22:22:22,Plainfield 2 - Netherwood Ave,connected,100,no,assumed
2026-10-08T22:22:45,Plainfield 3 - Watchung Ave,connected,13,no,no
2026-10-08T22:23:11,Plainfield 4 - Stelle Ave,connected,100,no,assumed
2026-10-08T22:23:34,Plainfield 5 - Leland Ave,connected,100,no,assumed
2026-10-08T22:23:58,Plainfield 6 - Milton Park,connected,100,no,assumed
2026-10-08T22:24:22,Plainfield 7 - Randolph Road,connected,100,no,assumed
2026-10-08T22:24:53,Totowa 1-Lincoln Ave and Union,connected,100,no,assumed
2026-10-08T22:25:28,Totowa 2 - Jefferson Pl,connected,100,no,assumed
2026-10-08T22:25:53,Totowa 3 - Riverside Dr,connected,100,no,assumed
2026-10-08T22:26:19,Totowa 4-Riverside Dr Riverview,connected,100,no,assumed
2026-10-08T22:26:43,Totowa 5-Vreeland Ave,connected,100,no,assumed
2026-10-08T22:27:09,Dover 1 - Blackwell St,connected,100,no,assumed
2026-10-08T22:27:37,Dover 2 - Princeton Ave,connected,100,no,assumed
2026-10-08T22:28:03,Dover 3 - Morris Street,connected,48,no,no
2026-10-08T22:28:26,Dover 4 - E Mcfarlan,connected,100,no,assumed
2026-10-08T22:28:52,Dover 5 - River St,connected,100,no,assumed
2026-10-08T22:29:16,Ridgewood 1 - Irving Street,connected,100,no,assumed
2026-10-08T22:29:40,Ridgewood 2 - Ridgewood Ave,connected,100,no,assumed
2026-10-08T22:30:04,Ridgewood 3 - Graydon Park,connected,10,no,no
2026-10-08T22:30:26,Ridgewood 4-Irving St Bridge,connected,100,no,assumed
2026-10-08T22:30:51,Ridgewood 5 - Kingsbridge,disconnected,,,
2026-10-09T05:00:42,Irvington 1-Madison Ave,connected,80,no,no
2026-10-09T05:01:07,Irvington 2-Clinton Ave,connected,100,no,assumed
2026-10-09T05:01:30,Irvington 3-Lyons Ave,connected,100,no,assumed
2026-10-09T05:01:55,Irvington 4-40 Yale Ave,connected,100,no,assumed
2026-10-09T05:02:21,Irvington 5-Chancellor Park,connected,100,no,assumed
2026-10-09T05:02:44,Woodland Park 1-McBrideAve,connected,98,no,no
2026-10-09T05:03:10,Woodland Park 2 -Lackawanna Ave,connected,100,no,assumed
2026-10-09T05:03:38,Woodland Park 4-Andrews Dr,connected,100,no,assumed
2026-10-09T05:04:03,Woodland Park 6-Memorial Drive,connected,93,no,no
2026-10-09T05:04:29,Woodland Park 7-Hromiak Terrace,connected,48,no,no
2026-10-09T05:04:53,Cedar Grove 1 - Briarhill Rd,connected,100,no,assumed
2026-10-09T05:05:18,Cedar Grove 2 -Community park,connected,96,no,no
2026-10-09T05:05:53,Cedar Grove 3 - 653 Pompton Ave,connected,100,no,assumed
2026-10-09T05:06:19,Cedar Grove 4 -13 Commerce Rd,connected,100,no,assumed
2026-10-09T05:06:43,Cedar Grove 6 - 525 Pompton Ave,connected,100,no,assumed
2026-10-09T05:07:07,Scotch Plains1-TD Bank,connected,100,no,assumed
2026-10-09T05:07:30,Scotch Plains 2- Senger Pl,connected,100,no,assumed
2026-10-09T05:07:54,Scotch Plains 3-East Second St,connected,100,no,assumed
2026-10-09T05:08:23,Little Falls 1-LindsleyRd-CGRd,connected,93,no,no
2026-10-09T05:08:46,Little Falls 2 - E Main St,connected,100,no,assumed
2026-10-09T05:09:14,Little Falls 3-DPW Yard,connected,100,no,assumed
2026-10-09T05:09:42,Little Falls4-WilliamsStDairySt,connected,100,no,assumed
2026-10-09T05:10:07,Westwood 1 - Westwood Plaza,connected,90,no,no
2026-10-09T05:10:34,Westwood 2 - Fairview Ave,connected,100,no,assumed
2026-10-09T05:10:59,Westwood 3 - Brookside Park,connected,100,no,assumed
2026-10-09T05:11:27,Westwood 4 - Bridge By DPW,connected,100,no,assumed
2026-10-09T05:11:53,Verona 1 - E Ried Pl,connected,38,no,no
2026-10-09T05:12:20,Verona 2 - Bloomfield Ave,connected,93,no,no
2026-10-09T05:12:45,Verona 3 - Franklin St,connected,100,no,assumed
2026-10-09T05:13:10,Verona 4 - Ozone ave,connected,96,no,no
2026-10-09T05:13:33,Paterson 2-5th Ave and E 6th St,connected,100,no,assumed
2026-10-09T05:13:57,Paterson3-11th Ave and East25th,connected,97,no,no
2026-10-09T05:14:24,Paterson 4-Getty ave,connected,100,no,assumed
2026-10-09T05:14:48,Paterson 5 - Stout Street,connected,100,no,assumed
2026-10-09T05:15:16,Leonia 1 - Broad ave,connected,93,no,no
2026-10-09T05:15:42,Leonia 2 - Church Calvert,connected,100,no,assumed
2026-10-09T05:16:11,Leonia 3 - Broad ave East,connected,100,no,assumed
2026-10-09T05:17:21,Englewood 1 - Hamilton Ave,connected,100,no,assumed
2026-10-09T05:17:46,Englewood 2 - Forest Ave,connected,,,
2026-10-09T05:18:39,Englewood 3 - Wilbur Street,disconnected,,,
2026-10-09T05:20:07,Englewood 5 - Crystal Lake,connected,93,no,no
2026-10-09T05:20:29,Rahway 1 - Jefferson Ave,connected,100,no,assumed
2026-10-09T05:20:55,Rahway 2 - Minor bridge,connected,52,no,no
2026-10-09T05:21:20,Rahway 3 - St George Ave,connected,100,no,assumed
2026-10-09T05:21:43,Rahway 4-NB Ave and George Ave,connected,100,no,assumed
2026-10-09T05:22:11,Rahway 5 - E Hazelwood Ave,connected,100,no,assumed
2026-10-09T05:22:33,Plainfield 1-East Front Street,connected,100,no,assumed
2026-10-09T05:22:57,Plainfield 2 - Netherwood Ave,connected,93,no,no
2026-10-09T05:23:21,Plainfield 3 - Watchung Ave,connected,8,no,no
2026-10-09T05:23:48,Plainfield 4 - Stelle Ave,connected,100,no,assumed
2026-10-09T05:24:12,Plainfield 5 - Leland Ave,connected,100,no,assumed
2026-10-09T05:24:35,Plainfield 6 - Milton Park,connected,100,no,assumed
2026-10-09T05:24:58,Plainfield 7 - Randolph Road,connected,92,no,no
2026-10-09T05:25:31,Totowa 1-Lincoln Ave and Union,connected,100,no,assumed
2026-10-09T05:26:48,Totowa 2 - Jefferson Pl,connected,100,no,assumed
2026-10-09T05:27:12,Totowa 3 - Riverside Dr,connected,100,no,assumed
2026-10-09T05:27:40,Totowa 4-Riverside Dr Riverview,connected,95,no,no
2026-10-09T05:28:05,Totowa 5-Vreeland Ave,connected,100,no,assumed
2026-10-09T05:28:29,Dover 1 - Blackwell St,connected,100,no,assumed
2026-10-09T05:29:00,Dover 2 - Princeton Ave,connected,100,no,assumed
2026-10-09T05:29:25,Dover 3 - Morris Street,connected,46,no,no
2026-10-09T05:29:51,Dover 4 - E Mcfarlan,connected,100,no,assumed
2026-10-09T05:30:16,Dover 5 - River St,connected,100,no,assumed
2026-10-09T05:30:40,Ridgewood 1 - Irving Street,connected,100,no,assumed
2026-10-09T05:31:06,Ridgewood 2 - Ridgewood Ave,connected,100,no,assumed
2026-10-09T05:31:30,Ridgewood 3 - Graydon Park,connected,4,no,no
2026-10-09T05:31:56,Ridgewood 4-Irving St Bridge,connected,100,no,assumed
2026-10-09T05:32:21,Ridgewood 5 - Kingsbridge,disconnected,,,
2026-10-09T12:00:42,Irvington 1-Madison Ave,connected,,,
2026-10-09T12:01:35,Irvington 2-Clinton Ave,connected,100,no,assumed
2026-10-09T12:02:03,Irvington 3-Lyons Ave,connected,100,no,assumed
2026-10-09T12:02:24,Irvington 4-40 Yale Ave,connected,100,yes,yes
2026-10-09T12:02:48,Irvington 5-Chancellor Park,connected,100,yes,yes
2026-10-09T12:03:12,Woodland Park 1-McBrideAve,connected,100,no,assumed
2026-10-09T12:03:39,Woodland Park 2 -Lackawanna Ave,connected,100,no,assumed
2026-10-09T12:04:04,Woodland Park 4-Andrews Dr,connected,100,no,assumed
2026-10-09T12:04:31,Woodland Park 6-Memorial Drive,connected,100,yes,yes
2026-10-09T12:04:58,Woodland Park 7-Hromiak Terrace,connected,50,yes,yes
2026-10-09T12:05:23,Cedar Grove 1 - Briarhill Rd,connected,100,no,assumed
2026-10-09T12:05:46,Cedar Grove 2 -Community park,connected,92,yes,yes
2026-10-09T12:06:25,Cedar Grove 3 - 653 Pompton Ave,connected,100,yes,yes
2026-10-09T12:06:56,Cedar Grove 4 -13 Commerce Rd,connected,100,yes,yes
2026-10-09T12:07:23,Cedar Grove 6 - 525 Pompton Ave,connected,100,no,assumed
2026-10-09T12:07:47,Scotch Plains1-TD Bank,connected,100,yes,yes
2026-10-09T12:08:12,Scotch Plains 2- Senger Pl,connected,100,no,assumed
2026-10-09T12:08:37,Scotch Plains 3-East Second St,connected,100,no,assumed
2026-10-09T12:09:06,Little Falls 1-LindsleyRd-CGRd,connected,100,no,assumed
2026-10-09T12:09:28,Little Falls 2 - E Main St,connected,100,no,assumed
2026-10-09T12:09:51,Little Falls 3-DPW Yard,connected,100,yes,yes
2026-10-09T12:10:16,Little Falls4-WilliamsStDairySt,connected,100,no,assumed
2026-10-09T12:10:39,Westwood 1 - Westwood Plaza,connected,100,yes,yes
2026-10-09T12:11:13,Westwood 2 - Fairview Ave,connected,100,no,assumed
2026-10-09T12:11:38,Westwood 3 - Brookside Park,connected,100,no,assumed
2026-10-09T12:12:02,Westwood 4 - Bridge By DPW,connected,100,no,assumed
2026-10-09T12:12:27,Verona 1 - E Ried Pl,connected,38,yes,yes
2026-10-09T12:12:59,Verona 2 - Bloomfield Ave,connected,93,yes,yes
2026-10-09T12:13:24,Verona 3 - Franklin St,connected,100,yes,yes
2026-10-09T12:13:49,Verona 4 - Ozone ave,connected,100,no,assumed
2026-10-09T12:14:13,Paterson 2-5th Ave and E 6th St,connected,100,yes,yes
2026-10-09T12:14:40,Paterson3-11th Ave and East25th,connected,100,no,assumed
2026-10-09T12:15:04,Paterson 4-Getty ave,connected,100,yes,yes
2026-10-09T12:15:27,Paterson 5 - Stout Street,connected,100,no,assumed
2026-10-09T12:16:15,Leonia 1 - Broad ave,connected,100,no,assumed
2026-10-09T12:16:39,Leonia 2 - Church Calvert,connected,100,yes,yes
2026-10-09T12:17:08,Leonia 3 - Broad ave East,connected,100,no,assumed
2026-10-09T12:17:29,Englewood 1 - Hamilton Ave,connected,100,no,assumed
2026-10-09T12:17:55,Englewood 2 - Forest Ave,connected,78,yes,yes
2026-10-09T12:18:20,Englewood 3 - Wilbur Street,disconnected,,,
2026-10-09T12:19:47,Englewood 5 - Crystal Lake,connected,100,no,assumed
2026-10-09T12:20:11,Rahway 1 - Jefferson Ave,connected,100,yes,yes
2026-10-09T12:20:33,Rahway 2 - Minor bridge,connected,51,yes,yes
2026-10-09T12:20:58,Rahway 3 - St George Ave,connected,100,no,assumed
2026-10-09T12:21:25,Rahway 4-NB Ave and George Ave,connected,100,no,assumed
2026-10-09T12:21:52,Rahway 5 - E Hazelwood Ave,connected,100,no,assumed
2026-10-09T12:22:15,Plainfield 1-East Front Street,connected,100,no,assumed
2026-10-09T12:22:40,Plainfield 2 - Netherwood Ave,connected,100,no,assumed
2026-10-09T12:23:04,Plainfield 3 - Watchung Ave,connected,18,yes,yes
2026-10-09T12:23:29,Plainfield 4 - Stelle Ave,connected,100,no,assumed
2026-10-09T12:23:53,Plainfield 5 - Leland Ave,connected,100,yes,yes
2026-10-09T12:24:17,Plainfield 6 - Milton Park,connected,100,no,assumed
2026-10-09T12:24:40,Plainfield 7 - Randolph Road,connected,100,yes,yes
2026-10-09T12:25:12,Totowa 1-Lincoln Ave and Union,connected,100,no,assumed
2026-10-09T12:25:48,Totowa 2 - Jefferson Pl,connected,100,no,assumed
2026-10-09T12:26:16,Totowa 3 - Riverside Dr,connected,100,yes,yes
2026-10-09T12:26:40,Totowa 4-Riverside Dr Riverview,connected,100,no,assumed
2026-10-09T12:27:05,Totowa 5-Vreeland Ave,connected,100,no,assumed
2026-10-09T12:27:27,Dover 1 - Blackwell St,connected,100,no,assumed
2026-10-09T12:27:57,Dover 2 - Princeton Ave,connected,100,yes,yes
2026-10-09T12:28:24,Dover 3 - Morris Street,connected,50,yes,yes
2026-10-09T12:28:53,Dover 4 - E Mcfarlan,connected,100,no,assumed
2026-10-09T12:29:21,Dover 5 - River St,connected,100,yes,yes
2026-10-09T12:29:44,Ridgewood 1 - Irving Street,connected,100,no,assumed
2026-10-09T12:30:09,Ridgewood 2 - Ridgewood Ave,connected,100,no,assumed
2026-10-09T12:30:32,Ridgewood 3 - Graydon Park,connected,10,yes,yes
2026-10-09T12:30:57,Ridgewood 4-Irving St Bridge,connected,100,no,assumed
2026-10-09T12:31:20,Ridgewood 5 - Kingsbridge,disconnected,,,
2026-10-09T12:54:20,Englewood 3 - Wilbur Street,disconnected,,,
2026-10-09T12:59:02,Englewood 3 - Wilbur Street,disconnected,,,
2026-10-09T13:00:43,Irvington 1-Madison Ave,connected,,,
2026-10-09T13:01:36,Irvington 2-Clinton Ave,connected,100,no,assumed
2026-10-09T13:02:03,Irvington 3-Lyons Ave,connected,100,no,assumed
2026-10-09T13:02:27,Irvington 4-40 Yale Ave,connected,100,yes,yes
2026-10-09T13:02:50,Irvington 5-Chancellor Park,connected,100,yes,yes
2026-10-09T13:03:14,Woodland Park 1-McBrideAve,connected,100,no,assumed
2026-10-09T13:03:40,Woodland Park 2 -Lackawanna Ave,connected,100,no,assumed
2026-10-09T13:04:05,Woodland Park 4-Andrews Dr,connected,100,no,assumed
2026-10-09T13:04:29,Woodland Park 6-Memorial Drive,connected,100,no,assumed
2026-10-09T13:04:59,Woodland Park 7-Hromiak Terrace,connected,53,yes,yes
2026-10-09T13:05:25,Cedar Grove 1 - Briarhill Rd,connected,100,no,assumed
2026-10-09T13:05:51,Cedar Grove 2 -Community park,connected,92,yes,yes
2026-10-09T13:06:22,Cedar Grove 3 - 653 Pompton Ave,connected,100,yes,yes
2026-10-09T13:06:46,Cedar Grove 4 -13 Commerce Rd,connected,100,no,assumed
2026-10-09T13:07:10,Cedar Grove 6 - 525 Pompton Ave,connected,100,no,assumed
2026-10-09T13:07:33,Scotch Plains1-TD Bank,connected,100,yes,yes
2026-10-09T13:08:00,Scotch Plains 2- Senger Pl,connected,100,no,assumed
2026-10-09T13:08:25,Scotch Plains 3-East Second St,connected,100,no,assumed
2026-10-09T13:08:53,Little Falls 1-LindsleyRd-CGRd,connected,100,no,assumed
2026-10-09T13:09:18,Little Falls 2 - E Main St,connected,100,no,assumed
2026-10-09T13:09:41,Little Falls 3-DPW Yard,connected,100,no,assumed
2026-10-09T13:10:04,Little Falls4-WilliamsStDairySt,connected,100,no,assumed
2026-10-09T13:10:27,Westwood 1 - Westwood Plaza,connected,100,no,assumed
2026-10-09T13:10:59,Westwood 2 - Fairview Ave,connected,100,no,assumed
2026-10-09T13:11:25,Westwood 3 - Brookside Park,connected,100,no,assumed
2026-10-09T13:11:51,Westwood 4 - Bridge By DPW,connected,100,no,assumed
2026-10-09T13:12:16,Verona 1 - E Ried Pl,connected,38,yes,yes
2026-10-09T13:12:43,Verona 2 - Bloomfield Ave,connected,100,yes,yes
2026-10-09T13:13:07,Verona 3 - Franklin St,connected,100,no,assumed
2026-10-09T13:13:30,Verona 4 - Ozone ave,connected,100,no,assumed
2026-10-09T13:13:54,Paterson 2-5th Ave and E 6th St,connected,100,no,assumed
2026-10-09T13:14:21,Paterson3-11th Ave and East25th,connected,100,no,assumed
2026-10-09T13:14:45,Paterson 4-Getty ave,connected,100,no,assumed
2026-10-09T13:15:08,Paterson 5 - Stout Street,connected,100,no,assumed
2026-10-09T13:16:05,Leonia 1 - Broad ave,connected,100,no,assumed
2026-10-09T13:16:28,Leonia 2 - Church Calvert,connected,100,yes,yes
2026-10-09T13:16:55,Leonia 3 - Broad ave East,connected,100,no,assumed
2026-10-09T13:17:20,Englewood 1 - Hamilton Ave,connected,100,no,assumed
2026-10-09T13:17:43,Englewood 2 - Forest Ave,connected,80,yes,yes
2026-10-09T13:18:08,Englewood 3 - Wilbur Street,connected,100,no,assumed
2026-10-09T13:18:46,Englewood 5 - Crystal Lake,connected,100,no,assumed
2026-10-09T13:19:10,Rahway 1 - Jefferson Ave,connected,100,no,assumed
2026-10-09T13:19:32,Rahway 2 - Minor bridge,connected,51,yes,yes
2026-10-09T13:19:57,Rahway 3 - St George Ave,connected,100,no,assumed
2026-10-09T13:20:23,Rahway 4-NB Ave and George Ave,connected,100,no,assumed
2026-10-09T13:20:50,Rahway 5 - E Hazelwood Ave,connected,100,no,assumed
2026-10-09T13:21:16,Plainfield 1-East Front Street,connected,100,no,assumed
2026-10-09T13:21:41,Plainfield 2 - Netherwood Ave,connected,100,no,assumed
2026-10-09T13:22:05,Plainfield 3 - Watchung Ave,connected,21,yes,yes
2026-10-09T13:22:30,Plainfield 4 - Stelle Ave,connected,100,no,assumed
2026-10-09T13:22:55,Plainfield 5 - Leland Ave,connected,100,yes,yes
2026-10-09T13:23:20,Plainfield 6 - Milton Park,connected,100,no,assumed
2026-10-09T13:23:43,Plainfield 7 - Randolph Road,disconnected,,,
2026-10-09T13:25:10,Totowa 1-Lincoln Ave and Union,connected,100,no,assumed
2026-10-09T13:25:58,Totowa 2 - Jefferson Pl,connected,100,no,assumed
2026-10-09T13:26:24,Totowa 3 - Riverside Dr,connected,100,no,assumed
2026-10-09T13:26:50,Totowa 4-Riverside Dr Riverview,connected,100,no,assumed
2026-10-09T13:27:16,Totowa 5-Vreeland Ave,connected,100,no,assumed
2026-10-09T13:27:42,Dover 1 - Blackwell St,connected,100,no,assumed
2026-10-09T13:28:13,Dover 2 - Princeton Ave,connected,100,yes,yes
2026-10-09T13:28:37,Dover 3 - Morris Street,connected,50,yes,yes
2026-10-09T13:29:01,Dover 4 - E Mcfarlan,connected,100,no,assumed
2026-10-09T13:29:27,Dover 5 - River St,connected,100,no,assumed
2026-10-09T13:29:51,Ridgewood 1 - Irving Street,connected,100,no,assumed
2026-10-09T13:30:16,Ridgewood 2 - Ridgewood Ave,connected,100,no,assumed
2026-10-09T13:30:41,Ridgewood 3 - Graydon Park,connected,10,yes,yes
2026-10-09T13:31:09,Ridgewood 4-Irving St Bridge,connected,100,no,assumed
2026-10-09T13:31:31,Ridgewood 5 - Kingsbridge,connected,17,yes,yes
2026-10-09T14:00:42,Irvington 1-Madison Ave,connected,,,
2026-10-09T14:01:35,Irvington 2-Clinton Ave,connected,100,no,assumed
2026-10-09T14:02:01,Irvington 3-Lyons Ave,connected,100,no,assumed
2026-10-09T14:02:24,Irvington 4-40 Yale Ave,connected,100,yes,yes
2026-10-09T14:02:49,Irvington 5-Chancellor Park,connected,100,yes,yes
2026-10-09T14:03:13,Woodland Park 1-McBrideAve,connected,100,no,assumed
2026-10-09T14:03:41,Woodland Park 2 -Lackawanna Ave,connected,100,no,assumed
2026-10-09T14:04:06,Woodland Park 4-Andrews Dr,connected,100,no,assumed
2026-10-09T14:04:29,Woodland Park 6-Memorial Drive,connected,100,no,assumed
2026-10-09T14:04:55,Woodland Park 7-Hromiak Terrace,connected,60,yes,yes
2026-10-09T14:05:23,Cedar Grove 1 - Briarhill Rd,connected,100,no,assumed
2026-10-09T14:05:47,Cedar Grove 2 -Community park,connected,92,yes,yes
2026-10-09T14:06:23,Cedar Grove 3 - 653 Pompton Ave,connected,100,yes,yes
2026-10-09T14:06:49,Cedar Grove 4 -13 Commerce Rd,connected,100,no,assumed
2026-10-09T14:07:12,Cedar Grove 6 - 525 Pompton Ave,connected,100,no,assumed
2026-10-09T14:07:37,Scotch Plains1-TD Bank,connected,100,yes,yes
2026-10-09T14:08:06,Scotch Plains 2- Senger Pl,connected,100,no,assumed
2026-10-09T14:08:29,Scotch Plains 3-East Second St,connected,100,no,assumed
2026-10-09T14:09:00,Little Falls 1-LindsleyRd-CGRd,connected,100,no,assumed
2026-10-09T14:09:24,Little Falls 2 - E Main St,connected,100,no,assumed
2026-10-09T14:09:47,Little Falls 3-DPW Yard,connected,100,no,assumed
2026-10-09T14:10:11,Little Falls4-WilliamsStDairySt,connected,100,no,assumed
2026-10-09T14:10:37,Westwood 1 - Westwood Plaza,connected,100,no,assumed
2026-10-09T14:11:11,Westwood 2 - Fairview Ave,connected,100,no,assumed
2026-10-09T14:11:33,Westwood 3 - Brookside Park,connected,100,no,assumed
2026-10-09T14:11:57,Westwood 4 - Bridge By DPW,connected,100,no,assumed
2026-10-09T14:12:22,Verona 1 - E Ried Pl,connected,41,yes,yes
2026-10-09T14:12:49,Verona 2 - Bloomfield Ave,connected,100,yes,yes
2026-10-09T14:13:13,Verona 3 - Franklin St,connected,100,no,assumed
2026-10-09T14:13:37,Verona 4 - Ozone ave,connected,100,no,assumed
2026-10-09T14:14:01,Paterson 2-5th Ave and E 6th St,connected,100,no,assumed
2026-10-09T14:14:26,Paterson3-11th Ave and East25th,connected,100,no,assumed
2026-10-09T14:14:51,Paterson 4-Getty ave,connected,100,no,assumed
2026-10-09T14:15:15,Paterson 5 - Stout Street,connected,100,no,assumed
2026-10-09T14:16:11,Leonia 1 - Broad ave,connected,100,no,assumed
2026-10-09T14:16:37,Leonia 2 - Church Calvert,connected,100,yes,yes
2026-10-09T14:17:04,Leonia 3 - Broad ave East,connected,100,no,assumed
2026-10-09T14:17:26,Englewood 1 - Hamilton Ave,connected,100,no,assumed
2026-10-09T14:17:51,Englewood 2 - Forest Ave,connected,78,yes,yes
2026-10-09T14:18:17,Englewood 3 - Wilbur Street,connected,100,no,assumed
2026-10-09T14:18:54,Englewood 5 - Crystal Lake,connected,100,no,assumed
2026-10-09T14:19:20,Rahway 1 - Jefferson Ave,connected,100,no,assumed
2026-10-09T14:19:44,Rahway 2 - Minor bridge,connected,51,yes,yes
2026-10-09T14:20:09,Rahway 3 - St George Ave,connected,100,no,assumed
2026-10-09T14:20:31,Rahway 4-NB Ave and George Ave,connected,100,no,assumed
2026-10-09T14:20:59,Rahway 5 - E Hazelwood Ave,connected,100,no,assumed
2026-10-09T14:21:26,Plainfield 1-East Front Street,connected,100,no,assumed
2026-10-09T14:21:50,Plainfield 2 - Netherwood Ave,connected,100,no,assumed
2026-10-09T14:22:14,Plainfield 3 - Watchung Ave,connected,21,yes,yes
2026-10-09T14:22:40,Plainfield 4 - Stelle Ave,connected,100,no,assumed
2026-10-09T14:23:04,Plainfield 5 - Leland Ave,connected,100,yes,yes
2026-10-09T14:23:27,Plainfield 6 - Milton Park,connected,100,no,assumed
2026-10-09T14:23:50,Plainfield 7 - Randolph Road,connected,100,yes,yes
2026-10-09T14:24:23,Totowa 1-Lincoln Ave and Union,connected,100,no,assumed
2026-10-09T14:25:01,Totowa 2 - Jefferson Pl,connected,100,no,assumed
2026-10-09T14:25:25,Totowa 3 - Riverside Dr,connected,100,no,assumed
2026-10-09T14:25:49,Totowa 4-Riverside Dr Riverview,connected,100,no,assumed
2026-10-09T14:26:13,Totowa 5-Vreeland Ave,connected,100,no,assumed
2026-10-09T14:26:38,Dover 1 - Blackwell St,connected,100,no,assumed
2026-10-09T14:27:27,Dover 2 - Princeton Ave,connected,100,yes,yes
2026-10-09T14:27:53,Dover 3 - Morris Street,connected,48,yes,yes
2026-10-09T14:28:17,Dover 4 - E Mcfarlan,connected,100,no,assumed
2026-10-09T14:28:44,Dover 5 - River St,connected,100,no,assumed
2026-10-09T14:29:43,Ridgewood 1 - Irving Street,connected,100,no,assumed
2026-10-09T14:30:09,Ridgewood 2 - Ridgewood Ave,connected,100,no,assumed
2026-10-09T14:30:31,Ridgewood 3 - Graydon Park,connected,10,yes,yes
2026-10-09T14:30:57,Ridgewood 4-Irving St Bridge,connected,100,no,assumed
2026-10-09T14:31:22,Ridgewood 5 - Kingsbridge,connected,18,yes,yes
2026-10-09T15:00:42,Irvington 1-Madison Ave,connected,,,
2026-10-09T15:01:36,Irvington 2-Clinton Ave,connected,100,no,assumed
2026-10-09T15:02:01,Irvington 3-Lyons Ave,connected,100,no,assumed
2026-10-09T15:02:26,Irvington 4-40 Yale Ave,connected,100,yes,yes
2026-10-09T15:02:50,Irvington 5-Chancellor Park,connected,100,yes,yes
2026-10-09T15:03:15,Woodland Park 1-McBrideAve,connected,100,no,assumed
2026-10-09T15:03:39,Woodland Park 2 -Lackawanna Ave,connected,100,no,assumed
2026-10-09T15:04:04,Woodland Park 4-Andrews Dr,connected,100,no,assumed
2026-10-09T15:04:28,Woodland Park 6-Memorial Drive,connected,100,no,assumed
2026-10-09T15:04:55,Woodland Park 7-Hromiak Terrace,connected,87,yes,yes
2026-10-09T15:05:20,Cedar Grove 1 - Briarhill Rd,connected,100,no,assumed
2026-10-09T15:05:43,Cedar Grove 2 -Community park,connected,92,yes,yes
2026-10-09T15:06:17,Cedar Grove 3 - 653 Pompton Ave,connected,100,yes,yes
2026-10-09T15:06:41,Cedar Grove 4 -13 Commerce Rd,connected,100,no,assumed
2026-10-09T15:07:07,Cedar Grove 6 - 525 Pompton Ave,connected,100,no,assumed
2026-10-09T15:07:28,Scotch Plains1-TD Bank,connected,100,no,assumed
2026-10-09T15:07:52,Scotch Plains 2- Senger Pl,connected,100,no,assumed
2026-10-09T15:08:17,Scotch Plains 3-East Second St,connected,100,no,assumed
2026-10-09T15:08:44,Little Falls 1-LindsleyRd-CGRd,connected,100,no,assumed
2026-10-09T15:09:09,Little Falls 2 - E Main St,connected,100,no,assumed
2026-10-09T15:09:31,Little Falls 3-DPW Yard,connected,100,no,assumed
2026-10-09T15:09:56,Little Falls4-WilliamsStDairySt,connected,100,no,assumed
2026-10-09T15:10:19,Westwood 1 - Westwood Plaza,connected,100,no,assumed
2026-10-09T15:10:51,Westwood 2 - Fairview Ave,connected,100,no,assumed
2026-10-09T15:11:16,Westwood 3 - Brookside Park,connected,100,no,assumed
2026-10-09T15:11:40,Westwood 4 - Bridge By DPW,connected,100,no,assumed
2026-10-09T15:12:04,Verona 1 - E Ried Pl,connected,58,yes,yes
2026-10-09T15:12:30,Verona 2 - Bloomfield Ave,connected,100,yes,yes
2026-10-09T15:12:55,Verona 3 - Franklin St,connected,100,no,assumed
2026-10-09T15:13:19,Verona 4 - Ozone ave,connected,100,no,assumed
2026-10-09T15:13:42,Paterson 2-5th Ave and E 6th St,connected,100,no,assumed
2026-10-09T15:14:05,Paterson3-11th Ave and East25th,connected,100,no,assumed
2026-10-09T15:14:30,Paterson 4-Getty ave,connected,100,no,assumed
2026-10-09T15:15:00,Paterson 5 - Stout Street,connected,100,no,assumed
2026-10-09T15:15:59,Leonia 1 - Broad ave,connected,100,no,assumed
2026-10-09T15:16:23,Leonia 2 - Church Calvert,connected,100,no,assumed
2026-10-09T15:16:51,Leonia 3 - Broad ave East,connected,100,no,assumed
2026-10-09T15:17:14,Englewood 1 - Hamilton Ave,connected,100,no,assumed
2026-10-09T15:17:57,Englewood 2 - Forest Ave,connected,78,yes,yes
2026-10-09T15:18:21,Englewood 3 - Wilbur Street,connected,100,no,assumed
2026-10-09T15:18:56,Englewood 5 - Crystal Lake,connected,100,no,assumed
2026-10-09T15:19:19,Rahway 1 - Jefferson Ave,connected,100,no,assumed
2026-10-09T15:19:43,Rahway 2 - Minor bridge,connected,51,yes,yes
2026-10-09T15:20:08,Rahway 3 - St George Ave,connected,100,no,assumed
2026-10-09T15:20:30,Rahway 4-NB Ave and George Ave,connected,100,no,assumed
2026-10-09T15:20:59,Rahway 5 - E Hazelwood Ave,connected,100,no,assumed
2026-10-09T15:21:26,Plainfield 1-East Front Street,connected,100,no,assumed
2026-10-09T15:21:50,Plainfield 2 - Netherwood Ave,connected,100,no,assumed
2026-10-09T15:22:14,Plainfield 3 - Watchung Ave,connected,21,yes,yes
2026-10-09T15:22:42,Plainfield 4 - Stelle Ave,connected,100,no,assumed
2026-10-09T15:23:05,Plainfield 5 - Leland Ave,connected,100,yes,yes
2026-10-09T15:23:27,Plainfield 6 - Milton Park,connected,100,no,assumed
2026-10-09T15:23:53,Plainfield 7 - Randolph Road,connected,100,no,assumed
2026-10-09T15:24:24,Totowa 1-Lincoln Ave and Union,connected,100,no,assumed
2026-10-09T15:25:03,Totowa 2 - Jefferson Pl,connected,100,no,assumed
2026-10-09T15:25:26,Totowa 3 - Riverside Dr,connected,100,no,assumed
2026-10-09T15:25:51,Totowa 4-Riverside Dr Riverview,connected,100,no,assumed
2026-10-09T15:26:17,Totowa 5-Vreeland Ave,connected,100,no,assumed
2026-10-09T15:26:44,Dover 1 - Blackwell St,connected,100,no,assumed
2026-10-09T15:27:16,Dover 2 - Princeton Ave,connected,100,yes,yes
2026-10-09T15:27:39,Dover 3 - Morris Street,connected,50,yes,yes
2026-10-09T15:28:05,Dover 4 - E Mcfarlan,connected,100,yes,yes
2026-10-09T15:28:45,Dover 5 - River St,connected,100,no,assumed
2026-10-09T15:29:46,Ridgewood 1 - Irving Street,connected,100,no,assumed
2026-10-09T15:30:10,Ridgewood 2 - Ridgewood Ave,connected,100,no,assumed
2026-10-09T15:30:33,Ridgewood 3 - Graydon Park,connected,,,
2026-10-09T15:31:26,Ridgewood 4-Irving St Bridge,connected,100,no,assumed
2026-10-09T15:31:51,Ridgewood 5 - Kingsbridge,connected,17,yes,yes
2026-10-09T16:00:42,Irvington 1-Madison Ave,connected,,,
2026-10-09T16:01:35,Irvington 2-Clinton Ave,connected,100,no,assumed
2026-10-09T16:01:59,Irvington 3-Lyons Ave,connected,100,no,assumed
2026-10-09T16:02:24,Irvington 4-40 Yale Ave,connected,100,yes,yes
2026-10-09T16:02:48,Irvington 5-Chancellor Park,connected,100,yes,yes
2026-10-09T16:03:12,Woodland Park 1-McBrideAve,connected,100,no,assumed
2026-10-09T16:03:37,Woodland Park 2 -Lackawanna Ave,connected,100,no,assumed
2026-10-09T16:04:01,Woodland Park 4-Andrews Dr,connected,100,no,assumed
2026-10-09T16:04:26,Woodland Park 6-Memorial Drive,connected,100,no,assumed
2026-10-09T16:04:54,Woodland Park 7-Hromiak Terrace,connected,58,yes,yes
2026-10-09T16:05:19,Cedar Grove 1 - Briarhill Rd,connected,100,no,assumed
2026-10-09T16:05:42,Cedar Grove 2 -Community park,connected,92,yes,yes
2026-10-09T16:06:16,Cedar Grove 3 - 653 Pompton Ave,connected,100,yes,yes
2026-10-09T16:06:41,Cedar Grove 4 -13 Commerce Rd,connected,100,no,assumed
2026-10-09T16:07:05,Cedar Grove 6 - 525 Pompton Ave,connected,100,no,assumed
2026-10-09T16:07:26,Scotch Plains1-TD Bank,connected,100,no,assumed
2026-10-09T16:07:50,Scotch Plains 2- Senger Pl,connected,100,no,assumed
2026-10-09T16:08:13,Scotch Plains 3-East Second St,connected,100,no,assumed
2026-10-09T16:08:51,Little Falls 1-LindsleyRd-CGRd,connected,100,no,assumed
2026-10-09T16:09:15,Little Falls 2 - E Main St,connected,100,no,assumed
2026-10-09T16:09:41,Little Falls 3-DPW Yard,connected,100,no,assumed
2026-10-09T16:10:07,Little Falls4-WilliamsStDairySt,connected,100,no,assumed
2026-10-09T16:10:30,Westwood 1 - Westwood Plaza,connected,100,no,assumed
2026-10-09T16:11:03,Westwood 2 - Fairview Ave,connected,100,no,assumed
2026-10-09T16:11:26,Westwood 3 - Brookside Park,connected,100,no,assumed
2026-10-09T16:11:50,Westwood 4 - Bridge By DPW,connected,100,no,assumed
2026-10-09T16:12:14,Verona 1 - E Ried Pl,connected,87,yes,yes
2026-10-09T16:12:46,Verona 2 - Bloomfield Ave,connected,100,no,assumed
2026-10-09T16:13:11,Verona 3 - Franklin St,connected,100,no,assumed
2026-10-09T16:13:38,Verona 4 - Ozone ave,connected,100,no,assumed
2026-10-09T16:14:02,Paterson 2-5th Ave and E 6th St,connected,100,no,assumed
2026-10-09T16:14:26,Paterson3-11th Ave and East25th,connected,100,no,assumed
2026-10-09T16:14:51,Paterson 4-Getty ave,connected,100,no,assumed
2026-10-09T16:15:16,Paterson 5 - Stout Street,connected,100,no,assumed
2026-10-09T16:16:22,Leonia 1 - Broad ave,connected,100,no,assumed
2026-10-09T16:16:45,Leonia 2 - Church Calvert,connected,100,no,assumed
2026-10-09T16:17:15,Leonia 3 - Broad ave East,connected,100,no,assumed
2026-10-09T16:17:40,Englewood 1 - Hamilton Ave,connected,100,no,assumed
2026-10-09T16:18:06,Englewood 2 - Forest Ave,connected,78,yes,yes
2026-10-09T16:18:29,Englewood 3 - Wilbur Street,connected,100,no,assumed
2026-10-09T16:18:56,Englewood 5 - Crystal Lake,connected,100,no,assumed
2026-10-09T16:19:21,Rahway 1 - Jefferson Ave,connected,100,no,assumed
2026-10-09T16:19:46,Rahway 2 - Minor bridge,connected,51,yes,yes
2026-10-09T16:20:15,Rahway 3 - St George Ave,connected,100,no,assumed
2026-10-09T16:20:41,Rahway 4-NB Ave and George Ave,connected,100,no,assumed
2026-10-09T16:21:21,Rahway 5 - E Hazelwood Ave,connected,100,no,assumed
2026-10-09T16:21:45,Plainfield 1-East Front Street,connected,100,no,assumed
2026-10-09T16:22:09,Plainfield 2 - Netherwood Ave,connected,100,no,assumed
2026-10-09T16:22:31,Plainfield 3 - Watchung Ave,connected,21,yes,yes
2026-10-09T16:23:00,Plainfield 4 - Stelle Ave,connected,100,no,assumed
2026-10-09T16:23:25,Plainfield 5 - Leland Ave,connected,100,no,assumed
2026-10-09T16:23:49,Plainfield 6 - Milton Park,connected,100,no,assumed
2026-10-09T16:24:14,Plainfield 7 - Randolph Road,connected,100,no,assumed
2026-10-09T16:24:48,Totowa 1-Lincoln Ave and Union,connected,100,no,assumed
2026-10-09T16:25:22,Totowa 2 - Jefferson Pl,connected,100,no,assumed
2026-10-09T16:25:46,Totowa 3 - Riverside Dr,connected,100,no,assumed
2026-10-09T16:26:12,Totowa 4-Riverside Dr Riverview,connected,100,no,assumed
2026-10-09T16:26:34,Totowa 5-Vreeland Ave,connected,100,yes,yes
2026-10-09T16:27:01,Dover 1 - Blackwell St,connected,100,no,assumed
2026-10-09T16:27:32,Dover 2 - Princeton Ave,connected,100,yes,yes
2026-10-09T16:27:56,Dover 3 - Morris Street,connected,50,yes,yes
2026-10-09T16:28:21,Dover 4 - E Mcfarlan,connected,100,yes,yes
2026-10-09T16:29:09,Dover 5 - River St,connected,100,no,assumed
2026-10-09T16:29:36,Ridgewood 1 - Irving Street,connected,100,no,assumed
2026-10-09T16:30:02,Ridgewood 2 - Ridgewood Ave,connected,100,no,assumed
2026-10-09T16:30:27,Ridgewood 3 - Graydon Park,connected,,,
2026-10-09T16:31:22,Ridgewood 4-Irving St Bridge,connected,100,no,assumed
2026-10-09T16:31:45,Ridgewood 5 - Kingsbridge,connected,17,yes,yes
2026-10-09T17:00:42,Irvington 1-Madison Ave,connected,,,
2026-10-09T17:01:38,Irvington 2-Clinton Ave,connected,100,no,assumed
2026-10-09T17:02:02,Irvington 3-Lyons Ave,connected,100,no,assumed
2026-10-09T17:02:28,Irvington 4-40 Yale Ave,connected,100,yes,yes
2026-10-09T17:02:53,Irvington 5-Chancellor Park,connected,100,yes,yes
2026-10-09T17:04:02,Woodland Park 1-McBrideAve,connected,100,no,assumed
2026-10-09T17:04:25,Woodland Park 2 -Lackawanna Ave,connected,,,
2026-10-09T17:04:52,Woodland Park 4-Andrews Dr,connected,100,no,assumed
2026-10-09T17:05:15,Woodland Park 6-Memorial Drive,connected,100,no,assumed
2026-10-09T17:05:44,Woodland Park 7-Hromiak Terrace,disconnected,,,
2026-10-09T17:07:11,Cedar Grove 1 - Briarhill Rd,connected,100,no,assumed
2026-10-09T17:07:38,Cedar Grove 2 -Community park,connected,93,yes,yes
2026-10-09T17:08:12,Cedar Grove 3 - 653 Pompton Ave,connected,100,yes,yes
2026-10-09T17:08:40,Cedar Grove 4 -13 Commerce Rd,connected,100,no,assumed
2026-10-09T17:09:05,Cedar Grove 6 - 525 Pompton Ave,connected,100,no,assumed
2026-10-09T17:09:28,Scotch Plains1-TD Bank,connected,100,no,assumed
2026-10-09T17:09:52,Scotch Plains 2- Senger Pl,connected,100,no,assumed
2026-10-09T17:10:15,Scotch Plains 3-East Second St,connected,100,no,assumed
2026-10-09T17:10:46,Little Falls 1-LindsleyRd-CGRd,connected,100,no,assumed
2026-10-09T17:11:11,Little Falls 2 - E Main St,disconnected,,,
2026-10-09T17:12:38,Little Falls 3-DPW Yard,connected,100,no,assumed
2026-10-09T17:13:04,Little Falls4-WilliamsStDairySt,connected,100,no,assumed
2026-10-09T17:13:27,Westwood 1 - Westwood Plaza,connected,100,no,assumed
2026-10-09T17:14:01,Westwood 2 - Fairview Ave,connected,100,no,assumed
2026-10-09T17:14:26,Westwood 3 - Brookside Park,connected,100,no,assumed
2026-10-09T17:14:52,Westwood 4 - Bridge By DPW,connected,100,no,assumed
2026-10-09T17:15:17,Verona 1 - E Ried Pl,connected,55,yes,yes
2026-10-09T17:15:44,Verona 2 - Bloomfield Ave,connected,100,no,assumed
2026-10-09T17:16:08,Verona 3 - Franklin St,connected,100,no,assumed
2026-10-09T17:16:31,Verona 4 - Ozone ave,connected,100,no,assumed
2026-10-09T17:16:55,Paterson 2-5th Ave and E 6th St,connected,100,no,assumed
2026-10-09T17:17:19,Paterson3-11th Ave and East25th,connected,100,no,assumed
2026-10-09T17:17:43,Paterson 4-Getty ave,connected,100,no,assumed
2026-10-09T17:18:08,Paterson 5 - Stout Street,connected,100,no,assumed
2026-10-09T17:19:11,Leonia 1 - Broad ave,connected,100,no,assumed
2026-10-09T17:19:34,Leonia 2 - Church Calvert,connected,100,no,assumed
2026-10-09T17:20:02,Leonia 3 - Broad ave East,connected,100,no,assumed
2026-10-09T17:20:25,Englewood 1 - Hamilton Ave,connected,100,no,assumed
2026-10-09T17:20:51,Englewood 2 - Forest Ave,connected,80,yes,yes
2026-10-09T17:21:16,Englewood 3 - Wilbur Street,connected,100,no,assumed
2026-10-09T17:21:40,Englewood 5 - Crystal Lake,connected,100,no,assumed
2026-10-09T17:22:05,Rahway 1 - Jefferson Ave,connected,100,no,assumed
2026-10-09T17:22:28,Rahway 2 - Minor bridge,connected,51,yes,yes
2026-10-09T17:22:54,Rahway 3 - St George Ave,connected,100,no,assumed
2026-10-09T17:23:19,Rahway 4-NB Ave and George Ave,connected,100,no,assumed
2026-10-09T17:23:46,Rahway 5 - E Hazelwood Ave,connected,100,no,assumed
2026-10-09T17:24:09,Plainfield 1-East Front Street,connected,100,no,assumed
2026-10-09T17:24:32,Plainfield 2 - Netherwood Ave,connected,100,no,assumed
2026-10-09T17:24:56,Plainfield 3 - Watchung Ave,connected,21,yes,yes
2026-10-09T17:25:24,Plainfield 4 - Stelle Ave,connected,100,no,assumed
2026-10-09T17:25:48,Plainfield 5 - Leland Ave,connected,100,no,assumed
2026-10-09T17:26:12,Plainfield 6 - Milton Park,connected,100,no,assumed
2026-10-09T17:26:34,Plainfield 7 - Randolph Road,connected,100,no,assumed
2026-10-09T17:27:05,Totowa 1-Lincoln Ave and Union,connected,100,no,assumed
2026-10-09T17:27:40,Totowa 2 - Jefferson Pl,connected,100,no,assumed
2026-10-09T17:28:03,Totowa 3 - Riverside Dr,connected,100,no,assumed
2026-10-09T17:28:26,Totowa 4-Riverside Dr Riverview,connected,100,no,assumed
2026-10-09T17:28:50,Totowa 5-Vreeland Ave,connected,100,yes,yes
2026-10-09T17:29:16,Dover 1 - Blackwell St,connected,100,no,assumed
2026-10-09T17:29:48,Dover 2 - Princeton Ave,connected,100,yes,yes
2026-10-09T17:30:13,Dover 3 - Morris Street,connected,48,yes,yes
2026-10-09T17:30:42,Dover 4 - E Mcfarlan,connected,100,yes,yes
2026-10-09T17:31:39,Dover 5 - River St,connected,100,no,assumed
2026-10-09T17:32:29,Ridgewood 1 - Irving Street,connected,100,no,assumed
2026-10-09T17:32:56,Ridgewood 2 - Ridgewood Ave,connected,100,no,assumed
2026-10-09T17:33:20,Ridgewood 3 - Graydon Park,connected,,,
2026-10-09T17:34:13,Ridgewood 4-Irving St Bridge,connected,100,no,assumed
2026-10-09T17:34:40,Ridgewood 5 - Kingsbridge,connected,16,yes,yes
2026-10-09T18:00:42,Irvington 1-Madison Ave,connected,73,no,no
2026-10-09T18:01:06,Irvington 2-Clinton Ave,connected,100,no,assumed
2026-10-09T18:01:28,Irvington 3-Lyons Ave,connected,100,no,assumed
2026-10-09T18:01:53,Irvington 4-40 Yale Ave,connected,100,no,assumed
2026-10-09T18:02:16,Irvington 5-Chancellor Park,connected,100,no,assumed
2026-10-09T18:02:41,Woodland Park 1-McBrideAve,connected,100,no,assumed
2026-10-09T18:03:04,Woodland Park 2 -Lackawanna Ave,connected,100,no,assumed
2026-10-09T18:03:26,Woodland Park 4-Andrews Dr,connected,100,no,assumed
2026-10-09T18:03:50,Woodland Park 6-Memorial Drive,connected,100,yes,yes
2026-10-09T18:04:19,Woodland Park 7-Hromiak Terrace,connected,56,yes,yes
2026-10-09T18:04:44,Cedar Grove 1 - Briarhill Rd,connected,100,no,assumed
2026-10-09T18:05:07,Cedar Grove 2 -Community park,connected,93,yes,yes
2026-10-09T18:05:41,Cedar Grove 3 - 653 Pompton Ave,connected,100,no,assumed
2026-10-09T18:06:05,Cedar Grove 4 -13 Commerce Rd,connected,100,no,assumed
2026-10-09T18:06:28,Cedar Grove 6 - 525 Pompton Ave,connected,100,no,assumed
2026-10-09T18:06:53,Scotch Plains1-TD Bank,connected,100,no,assumed
2026-10-09T18:07:17,Scotch Plains 2- Senger Pl,connected,100,no,assumed
2026-10-09T18:07:40,Scotch Plains 3-East Second St,connected,100,no,assumed
2026-10-09T18:08:08,Little Falls 1-LindsleyRd-CGRd,connected,100,no,assumed
2026-10-09T18:08:31,Little Falls 2 - E Main St,connected,100,no,assumed
2026-10-09T18:08:55,Little Falls 3-DPW Yard,connected,100,no,assumed
2026-10-09T18:09:19,Little Falls4-WilliamsStDairySt,connected,100,no,assumed
2026-10-09T18:09:43,Westwood 1 - Westwood Plaza,connected,100,no,assumed
2026-10-09T18:10:15,Westwood 2 - Fairview Ave,connected,100,no,assumed
2026-10-09T18:10:39,Westwood 3 - Brookside Park,connected,100,no,assumed
2026-10-09T18:11:03,Westwood 4 - Bridge By DPW,connected,100,no,assumed
2026-10-09T18:11:26,Verona 1 - E Ried Pl,connected,53,yes,yes
2026-10-09T18:11:55,Verona 2 - Bloomfield Ave,connected,100,no,assumed
2026-10-09T18:12:20,Verona 3 - Franklin St,connected,100,no,assumed
2026-10-09T18:12:45,Verona 4 - Ozone ave,connected,100,no,assumed
2026-10-09T18:13:09,Paterson 2-5th Ave and E 6th St,connected,100,no,assumed
2026-10-09T18:13:31,Paterson3-11th Ave and East25th,connected,100,no,assumed
2026-10-09T18:13:56,Paterson 4-Getty ave,connected,100,no,assumed
2026-10-09T18:14:22,Paterson 5 - Stout Street,connected,100,no,assumed
2026-10-09T18:15:22,Leonia 1 - Broad ave,connected,100,no,assumed
2026-10-09T18:15:45,Leonia 2 - Church Calvert,connected,100,no,assumed
2026-10-09T18:16:14,Leonia 3 - Broad ave East,connected,100,no,assumed
2026-10-09T18:16:38,Englewood 1 - Hamilton Ave,connected,100,no,assumed
2026-10-09T18:17:03,Englewood 2 - Forest Ave,connected,78,no,no
2026-10-09T18:17:26,Englewood 3 - Wilbur Street,connected,100,no,assumed
2026-10-09T18:17:53,Englewood 5 - Crystal Lake,connected,100,no,assumed
2026-10-09T18:18:18,Rahway 1 - Jefferson Ave,connected,100,no,assumed
2026-10-09T18:18:41,Rahway 2 - Minor bridge,connected,52,no,no
2026-10-09T18:19:10,Rahway 3 - St George Ave,connected,100,no,assumed
2026-10-09T18:19:32,Rahway 4-NB Ave and George Ave,connected,100,no,assumed
2026-10-09T18:20:00,Rahway 5 - E Hazelwood Ave,connected,100,no,assumed
2026-10-09T18:20:27,Plainfield 1-East Front Street,connected,100,no,assumed
2026-10-09T18:20:50,Plainfield 2 - Netherwood Ave,connected,100,no,assumed
2026-10-09T18:21:17,Plainfield 3 - Watchung Ave,connected,21,no,no
2026-10-09T18:21:45,Plainfield 4 - Stelle Ave,connected,100,no,assumed
2026-10-09T18:22:10,Plainfield 5 - Leland Ave,connected,100,no,assumed
2026-10-09T18:22:38,Plainfield 6 - Milton Park,connected,100,no,assumed
2026-10-09T18:23:01,Plainfield 7 - Randolph Road,connected,100,no,assumed
2026-10-09T18:23:30,Totowa 1-Lincoln Ave and Union,connected,100,no,assumed
2026-10-09T18:24:05,Totowa 2 - Jefferson Pl,connected,100,no,assumed
2026-10-09T18:24:28,Totowa 3 - Riverside Dr,connected,100,no,assumed
2026-10-09T18:24:52,Totowa 4-Riverside Dr Riverview,connected,100,no,assumed
2026-10-09T18:25:16,Totowa 5-Vreeland Ave,connected,100,no,assumed
2026-10-09T18:25:40,Dover 1 - Blackwell St,connected,100,no,assumed
2026-10-09T18:26:10,Dover 2 - Princeton Ave,connected,100,no,assumed
2026-10-09T18:26:32,Dover 3 - Morris Street,connected,48,no,no
2026-10-09T18:26:58,Dover 4 - E Mcfarlan,connected,100,no,assumed
2026-10-09T18:27:24,Dover 5 - River St,connected,100,no,assumed
2026-10-09T18:27:51,Ridgewood 1 - Irving Street,connected,100,no,assumed
2026-10-09T18:28:18,Ridgewood 2 - Ridgewood Ave,connected,100,no,assumed
2026-10-09T18:28:43,Ridgewood 3 - Graydon Park,connected,18,no,no
2026-10-09T18:29:07,Ridgewood 4-Irving St Bridge,connected,100,no,assumed
2026-10-09T18:29:30,Ridgewood 5 - Kingsbridge,connected,13,no,no
2026-10-09T19:00:42,Irvington 1-Madison Ave,connected,73,no,no
2026-10-09T19:01:07,Irvington 2-Clinton Ave,connected,100,no,assumed
2026-10-09T19:01:29,Irvington 3-Lyons Ave,connected,100,no,assumed
2026-10-09T19:01:54,Irvington 4-40 Yale Ave,connected,100,no,assumed
2026-10-09T19:02:18,Irvington 5-Chancellor Park,connected,100,no,assumed
2026-10-09T19:02:45,Woodland Park 1-McBrideAve,connected,100,no,assumed
2026-10-09T19:03:08,Woodland Park 2 -Lackawanna Ave,connected,100,no,assumed
2026-10-09T19:03:31,Woodland Park 4-Andrews Dr,connected,100,no,assumed
2026-10-09T19:03:56,Woodland Park 6-Memorial Drive,connected,100,no,assumed
2026-10-09T19:04:26,Woodland Park 7-Hromiak Terrace,connected,55,no,no
2026-10-09T19:04:52,Cedar Grove 1 - Briarhill Rd,connected,100,no,assumed
2026-10-09T19:05:17,Cedar Grove 2 -Community park,connected,97,no,no
2026-10-09T19:05:49,Cedar Grove 3 - 653 Pompton Ave,connected,100,no,assumed
2026-10-09T19:06:16,Cedar Grove 4 -13 Commerce Rd,connected,100,no,assumed
2026-10-09T19:06:41,Cedar Grove 6 - 525 Pompton Ave,connected,100,no,assumed
2026-10-09T19:07:05,Scotch Plains1-TD Bank,connected,100,no,assumed
2026-10-09T19:07:30,Scotch Plains 2- Senger Pl,connected,100,no,assumed
2026-10-09T19:07:55,Scotch Plains 3-East Second St,connected,100,no,assumed
2026-10-09T19:08:23,Little Falls 1-LindsleyRd-CGRd,connected,100,no,assumed
2026-10-09T19:08:48,Little Falls 2 - E Main St,connected,100,no,assumed
2026-10-09T19:09:14,Little Falls 3-DPW Yard,connected,100,no,assumed
2026-10-09T19:09:39,Little Falls4-WilliamsStDairySt,connected,100,no,assumed
2026-10-09T19:10:02,Westwood 1 - Westwood Plaza,connected,100,no,assumed
2026-10-09T19:10:33,Westwood 2 - Fairview Ave,connected,100,no,assumed
2026-10-09T19:10:57,Westwood 3 - Brookside Park,connected,100,no,assumed
2026-10-09T19:11:22,Westwood 4 - Bridge By DPW,connected,100,no,assumed
2026-10-09T19:11:46,Verona 1 - E Ried Pl,connected,53,no,no
2026-10-09T19:12:16,Verona 2 - Bloomfield Ave,connected,100,no,assumed
2026-10-09T19:12:41,Verona 3 - Franklin St,connected,100,no,assumed
2026-10-09T19:13:05,Verona 4 - Ozone ave,connected,100,no,assumed
2026-10-09T19:13:29,Paterson 2-5th Ave and E 6th St,connected,100,no,assumed
2026-10-09T19:13:53,Paterson3-11th Ave and East25th,connected,100,no,assumed
2026-10-09T19:14:16,Paterson 4-Getty ave,connected,100,no,assumed
2026-10-09T19:14:40,Paterson 5 - Stout Street,connected,100,no,assumed
2026-10-09T19:15:50,Leonia 1 - Broad ave,connected,100,no,assumed
2026-10-09T19:16:15,Leonia 2 - Church Calvert,connected,100,no,assumed
2026-10-09T19:16:44,Leonia 3 - Broad ave East,connected,100,no,assumed
2026-10-09T19:17:11,Englewood 1 - Hamilton Ave,connected,100,no,assumed
2026-10-09T19:17:40,Englewood 2 - Forest Ave,connected,17,no,no
2026-10-09T19:18:04,Englewood 3 - Wilbur Street,connected,100,no,assumed
2026-10-09T19:18:30,Englewood 5 - Crystal Lake,connected,100,no,assumed
2026-10-09T19:18:53,Rahway 1 - Jefferson Ave,connected,100,no,assumed
2026-10-09T19:19:17,Rahway 2 - Minor bridge,connected,51,no,no
2026-10-09T19:19:42,Rahway 3 - St George Ave,connected,100,no,assumed
2026-10-09T19:20:09,Rahway 4-NB Ave and George Ave,connected,100,no,assumed
2026-10-09T19:20:34,Rahway 5 - E Hazelwood Ave,connected,100,no,assumed
2026-10-09T19:20:58,Plainfield 1-East Front Street,connected,100,no,assumed
2026-10-09T19:21:23,Plainfield 2 - Netherwood Ave,connected,100,no,assumed
2026-10-09T19:21:46,Plainfield 3 - Watchung Ave,connected,18,no,no
2026-10-09T19:22:14,Plainfield 4 - Stelle Ave,connected,100,no,assumed
2026-10-09T19:22:38,Plainfield 5 - Leland Ave,connected,100,no,assumed
2026-10-09T19:23:02,Plainfield 6 - Milton Park,connected,100,no,assumed
2026-10-09T19:23:27,Plainfield 7 - Randolph Road,connected,100,no,assumed
2026-10-09T19:23:58,Totowa 1-Lincoln Ave and Union,connected,100,no,assumed
2026-10-09T19:24:34,Totowa 2 - Jefferson Pl,connected,100,no,assumed
2026-10-09T19:24:58,Totowa 3 - Riverside Dr,connected,100,no,assumed
2026-10-09T19:25:22,Totowa 4-Riverside Dr Riverview,connected,100,no,assumed
2026-10-09T19:25:47,Totowa 5-Vreeland Ave,connected,100,no,assumed
2026-10-09T19:26:11,Dover 1 - Blackwell St,connected,100,no,assumed
2026-10-09T19:26:40,Dover 2 - Princeton Ave,connected,100,no,assumed
2026-10-09T19:27:04,Dover 3 - Morris Street,connected,47,no,no
2026-10-09T19:27:28,Dover 4 - E Mcfarlan,connected,100,no,assumed
2026-10-09T19:27:51,Dover 5 - River St,connected,100,no,assumed
2026-10-09T19:28:16,Ridgewood 1 - Irving Street,connected,100,no,assumed
2026-10-09T19:28:40,Ridgewood 2 - Ridgewood Ave,connected,100,no,assumed
2026-10-09T19:29:06,Ridgewood 3 - Graydon Park,connected,17,no,no
2026-10-09T19:29:28,Ridgewood 4-Irving St Bridge,connected,100,no,assumed
2026-10-09T19:29:53,Ridgewood 5 - Kingsbridge,connected,12,no,no
2026-10-09T20:00:42,Irvington 1-Madison Ave,connected,,,
2026-10-09T20:01:36,Irvington 2-Clinton Ave,connected,100,no,assumed
2026-10-09T20:02:01,Irvington 3-Lyons Ave,connected,100,no,assumed
2026-10-09T20:02:25,Irvington 4-40 Yale Ave,connected,100,no,assumed
2026-10-09T20:02:48,Irvington 5-Chancellor Park,connected,100,no,assumed
2026-10-09T20:03:14,Woodland Park 1-McBrideAve,connected,100,no,assumed
2026-10-09T20:03:40,Woodland Park 2 -Lackawanna Ave,connected,100,no,assumed
2026-10-09T20:04:03,Woodland Park 4-Andrews Dr,connected,100,no,assumed
2026-10-09T20:04:30,Woodland Park 6-Memorial Drive,connected,100,no,assumed
2026-10-09T20:04:57,Woodland Park 7-Hromiak Terrace,connected,55,no,no
2026-10-09T20:05:22,Cedar Grove 1 - Briarhill Rd,connected,100,no,assumed
2026-10-09T20:05:46,Cedar Grove 2 -Community park,connected,97,no,no
2026-10-09T20:06:21,Cedar Grove 3 - 653 Pompton Ave,connected,100,no,assumed
2026-10-09T20:06:45,Cedar Grove 4 -13 Commerce Rd,connected,100,no,assumed
2026-10-09T20:07:10,Cedar Grove 6 - 525 Pompton Ave,connected,100,no,assumed
2026-10-09T20:07:34,Scotch Plains1-TD Bank,connected,100,no,assumed
2026-10-09T20:08:03,Scotch Plains 2- Senger Pl,connected,100,no,assumed
2026-10-09T20:08:31,Scotch Plains 3-East Second St,connected,100,no,assumed
2026-10-09T20:08:59,Little Falls 1-LindsleyRd-CGRd,connected,100,no,assumed
2026-10-09T20:09:24,Little Falls 2 - E Main St,connected,100,no,assumed
2026-10-09T20:09:50,Little Falls 3-DPW Yard,connected,100,no,assumed
2026-10-09T20:10:13,Little Falls4-WilliamsStDairySt,connected,100,no,assumed
2026-10-09T20:10:37,Westwood 1 - Westwood Plaza,connected,100,no,assumed
2026-10-09T20:11:11,Westwood 2 - Fairview Ave,connected,100,no,assumed
2026-10-09T20:11:40,Westwood 3 - Brookside Park,connected,100,no,assumed
2026-10-09T20:12:04,Westwood 4 - Bridge By DPW,connected,100,no,assumed
2026-10-09T20:12:28,Verona 1 - E Ried Pl,connected,52,no,no
2026-10-09T20:12:57,Verona 2 - Bloomfield Ave,connected,100,no,assumed
2026-10-09T20:13:21,Verona 3 - Franklin St,connected,100,no,assumed
2026-10-09T20:13:45,Verona 4 - Ozone ave,connected,100,no,assumed
2026-10-09T20:14:08,Paterson 2-5th Ave and E 6th St,connected,100,no,assumed
2026-10-09T20:14:29,Paterson3-11th Ave and East25th,connected,100,no,assumed
2026-10-09T20:14:53,Paterson 4-Getty ave,connected,100,no,assumed
2026-10-09T20:15:17,Paterson 5 - Stout Street,connected,100,no,assumed
2026-10-09T20:16:05,Leonia 1 - Broad ave,connected,100,no,assumed
2026-10-09T20:16:26,Leonia 2 - Church Calvert,connected,100,no,assumed
2026-10-09T20:16:53,Leonia 3 - Broad ave East,connected,100,no,assumed
2026-10-09T20:17:19,Englewood 1 - Hamilton Ave,connected,100,no,assumed
2026-10-09T20:17:44,Englewood 2 - Forest Ave,connected,17,no,no
2026-10-09T20:18:07,Englewood 3 - Wilbur Street,connected,100,no,assumed
2026-10-09T20:18:33,Englewood 5 - Crystal Lake,connected,100,no,assumed
2026-10-09T20:18:57,Rahway 1 - Jefferson Ave,connected,100,no,assumed
2026-10-09T20:19:22,Rahway 2 - Minor bridge,connected,51,no,no
2026-10-09T20:19:47,Rahway 3 - St George Ave,connected,100,no,assumed
2026-10-09T20:20:13,Rahway 4-NB Ave and George Ave,connected,100,no,assumed
2026-10-09T20:20:42,Rahway 5 - E Hazelwood Ave,connected,100,no,assumed
2026-10-09T20:21:11,Plainfield 1-East Front Street,connected,100,no,assumed
2026-10-09T20:21:34,Plainfield 2 - Netherwood Ave,connected,100,no,assumed
2026-10-09T20:21:59,Plainfield 3 - Watchung Ave,connected,17,no,no
2026-10-09T20:22:27,Plainfield 4 - Stelle Ave,connected,100,no,assumed
2026-10-09T20:22:51,Plainfield 5 - Leland Ave,connected,100,no,assumed
2026-10-09T20:23:16,Plainfield 6 - Milton Park,connected,100,no,assumed
2026-10-09T20:23:41,Plainfield 7 - Randolph Road,connected,100,no,assumed
2026-10-09T20:24:14,Totowa 1-Lincoln Ave and Union,connected,100,no,assumed
2026-10-09T20:24:47,Totowa 2 - Jefferson Pl,connected,100,no,assumed
2026-10-09T20:25:11,Totowa 3 - Riverside Dr,connected,100,no,assumed
2026-10-09T20:25:34,Totowa 4-Riverside Dr Riverview,connected,100,no,assumed
2026-10-09T20:25:58,Totowa 5-Vreeland Ave,connected,100,no,assumed
2026-10-09T20:26:22,Dover 1 - Blackwell St,connected,100,no,assumed
2026-10-09T20:26:51,Dover 2 - Princeton Ave,connected,100,no,assumed
2026-10-09T20:27:14,Dover 3 - Morris Street,connected,46,no,no
2026-10-09T20:27:39,Dover 4 - E Mcfarlan,connected,100,no,assumed
2026-10-09T20:28:05,Dover 5 - River St,connected,100,no,assumed
2026-10-09T20:28:29,Ridgewood 1 - Irving Street,connected,100,no,assumed
2026-10-09T20:28:58,Ridgewood 2 - Ridgewood Ave,connected,100,no,assumed
2026-10-09T20:29:22,Ridgewood 3 - Graydon Park,connected,17,no,no
2026-10-09T20:29:46,Ridgewood 4-Irving St Bridge,connected,100,no,assumed
2026-10-09T20:30:10,Ridgewood 5 - Kingsbridge,connected,,,
2026-10-09T21:00:42,Irvington 1-Madison Ave,connected,,,
2026-10-09T21:01:36,Irvington 2-Clinton Ave,connected,100,no,assumed
2026-10-09T21:02:01,Irvington 3-Lyons Ave,connected,100,no,assumed
2026-10-09T21:02:25,Irvington 4-40 Yale Ave,connected,100,no,assumed
2026-10-09T21:02:49,Irvington 5-Chancellor Park,connected,100,no,assumed
2026-10-09T21:03:13,Woodland Park 1-McBrideAve,connected,98,no,no
2026-10-09T21:03:39,Woodland Park 2 -Lackawanna Ave,connected,100,no,assumed
2026-10-09T21:04:03,Woodland Park 4-Andrews Dr,connected,100,no,assumed
2026-10-09T21:05:11,Woodland Park 6-Memorial Drive,connected,100,no,assumed
2026-10-09T21:05:37,Woodland Park 7-Hromiak Terrace,connected,53,no,no
2026-10-09T21:06:02,Cedar Grove 1 - Briarhill Rd,connected,100,no,assumed
2026-10-09T21:06:27,Cedar Grove 2 -Community park,connected,96,no,no
2026-10-09T21:06:58,Cedar Grove 3 - 653 Pompton Ave,connected,100,no,assumed
2026-10-09T21:07:25,Cedar Grove 4 -13 Commerce Rd,connected,100,no,assumed
2026-10-09T21:07:50,Cedar Grove 6 - 525 Pompton Ave,connected,100,no,assumed
2026-10-09T21:08:15,Scotch Plains1-TD Bank,connected,100,no,assumed
2026-10-09T21:08:39,Scotch Plains 2- Senger Pl,connected,100,no,assumed
2026-10-09T21:09:04,Scotch Plains 3-East Second St,connected,100,no,assumed
2026-10-09T21:09:32,Little Falls 1-LindsleyRd-CGRd,connected,100,no,assumed
2026-10-09T21:09:55,Little Falls 2 - E Main St,connected,100,no,assumed
2026-10-09T21:10:18,Little Falls 3-DPW Yard,connected,100,no,assumed
2026-10-09T21:10:44,Little Falls4-WilliamsStDairySt,connected,100,no,assumed
2026-10-09T21:11:11,Westwood 1 - Westwood Plaza,connected,100,no,assumed
2026-10-09T21:11:34,Westwood 2 - Fairview Ave,connected,100,no,assumed
2026-10-09T21:11:59,Westwood 3 - Brookside Park,connected,100,no,assumed
2026-10-09T21:12:24,Westwood 4 - Bridge By DPW,connected,100,no,assumed
2026-10-09T21:12:50,Verona 1 - E Ried Pl,connected,53,no,no
2026-10-09T21:13:17,Verona 2 - Bloomfield Ave,connected,100,no,assumed
2026-10-09T21:13:43,Verona 3 - Franklin St,connected,98,no,no
2026-10-09T21:14:07,Verona 4 - Ozone ave,connected,100,no,assumed
2026-10-09T21:14:30,Paterson 2-5th Ave and E 6th St,connected,100,no,assumed
2026-10-09T21:14:54,Paterson3-11th Ave and East25th,connected,100,no,assumed
2026-10-09T21:15:19,Paterson 4-Getty ave,connected,100,no,assumed
2026-10-09T21:15:43,Paterson 5 - Stout Street,connected,100,no,assumed
2026-10-09T21:16:33,Leonia 1 - Broad ave,connected,100,no,assumed
2026-10-09T21:16:59,Leonia 2 - Church Calvert,connected,100,no,assumed
2026-10-09T21:17:26,Leonia 3 - Broad ave East,connected,100,no,assumed
2026-10-09T21:17:50,Englewood 1 - Hamilton Ave,connected,100,no,assumed
2026-10-09T21:18:15,Englewood 2 - Forest Ave,connected,,,
2026-10-09T21:19:08,Englewood 3 - Wilbur Street,connected,100,no,assumed
2026-10-09T21:19:32,Englewood 5 - Crystal Lake,connected,100,no,assumed
2026-10-09T21:19:58,Rahway 1 - Jefferson Ave,connected,100,no,assumed
2026-10-09T21:20:23,Rahway 2 - Minor bridge,connected,51,no,no
2026-10-09T21:20:49,Rahway 3 - St George Ave,connected,100,no,assumed
2026-10-09T21:21:14,Rahway 4-NB Ave and George Ave,connected,100,no,assumed
2026-10-09T21:21:42,Rahway 5 - E Hazelwood Ave,connected,100,no,assumed
2026-10-09T21:22:08,Plainfield 1-East Front Street,connected,100,no,assumed
2026-10-09T21:22:30,Plainfield 2 - Netherwood Ave,connected,100,no,assumed
2026-10-09T21:22:55,Plainfield 3 - Watchung Ave,connected,15,no,no
2026-10-09T21:23:23,Plainfield 4 - Stelle Ave,connected,100,no,assumed
2026-10-09T21:23:48,Plainfield 5 - Leland Ave,connected,100,no,assumed
2026-10-09T21:24:12,Plainfield 6 - Milton Park,connected,100,no,assumed
2026-10-09T21:24:38,Plainfield 7 - Randolph Road,connected,100,no,assumed
2026-10-09T21:25:10,Totowa 1-Lincoln Ave and Union,connected,100,no,assumed
2026-10-09T21:25:42,Totowa 2 - Jefferson Pl,connected,100,no,assumed
2026-10-09T21:26:07,Totowa 3 - Riverside Dr,connected,100,no,assumed
2026-10-09T21:26:29,Totowa 4-Riverside Dr Riverview,connected,100,no,assumed
2026-10-09T21:26:54,Totowa 5-Vreeland Ave,connected,100,no,assumed
2026-10-09T21:27:18,Dover 1 - Blackwell St,connected,100,no,assumed
2026-10-09T21:27:47,Dover 2 - Princeton Ave,connected,100,no,assumed
2026-10-09T21:28:11,Dover 3 - Morris Street,connected,46,no,no
2026-10-09T21:28:37,Dover 4 - E Mcfarlan,connected,100,no,assumed
2026-10-09T21:29:03,Dover 5 - River St,connected,100,no,assumed
2026-10-09T21:29:26,Ridgewood 1 - Irving Street,connected,100,no,assumed
2026-10-09T21:29:51,Ridgewood 2 - Ridgewood Ave,connected,100,no,assumed
2026-10-09T21:30:14,Ridgewood 3 - Graydon Park,connected,15,no,no
2026-10-09T21:30:40,Ridgewood 4-Irving St Bridge,connected,100,no,assumed
2026-10-09T21:31:03,Ridgewood 5 - Kingsbridge,connected,8,no,no
2026-10-09T22:00:42,Irvington 1-Madison Ave,connected,,,
2026-10-09T22:01:35,Irvington 2-Clinton Ave,connected,100,no,assumed
2026-10-09T22:02:00,Irvington 3-Lyons Ave,connected,100,no,assumed
2026-10-09T22:02:24,Irvington 4-40 Yale Ave,connected,100,no,assumed
2026-10-09T22:02:48,Irvington 5-Chancellor Park,connected,100,no,assumed
2026-10-09T22:03:12,Woodland Park 1-McBrideAve,connected,100,no,assumed
2026-10-09T22:03:40,Woodland Park 2 -Lackawanna Ave,connected,100,no,assumed
2026-10-09T22:04:06,Woodland Park 4-Andrews Dr,connected,100,no,assumed
2026-10-09T22:04:31,Woodland Park 6-Memorial Drive,connected,100,no,assumed
2026-10-09T22:04:58,Woodland Park 7-Hromiak Terrace,connected,53,no,no
2026-10-09T22:05:26,Cedar Grove 1 - Briarhill Rd,connected,100,no,assumed
2026-10-09T22:05:51,Cedar Grove 2 -Community park,connected,96,no,no
2026-10-09T22:06:25,Cedar Grove 3 - 653 Pompton Ave,connected,100,no,assumed
2026-10-09T22:06:49,Cedar Grove 4 -13 Commerce Rd,connected,100,no,assumed
2026-10-09T22:07:16,Cedar Grove 6 - 525 Pompton Ave,connected,100,no,assumed
2026-10-09T22:07:39,Scotch Plains1-TD Bank,connected,100,no,assumed
2026-10-09T22:08:04,Scotch Plains 2- Senger Pl,connected,100,no,assumed
2026-10-09T22:08:30,Scotch Plains 3-East Second St,connected,100,no,assumed
2026-10-09T22:09:01,Little Falls 1-LindsleyRd-CGRd,connected,100,no,assumed
2026-10-09T22:09:26,Little Falls 2 - E Main St,connected,100,no,assumed
2026-10-09T22:09:54,Little Falls 3-DPW Yard,connected,100,no,assumed
2026-10-09T22:10:18,Little Falls4-WilliamsStDairySt,connected,100,no,assumed
2026-10-09T22:10:43,Westwood 1 - Westwood Plaza,connected,100,no,assumed
2026-10-09T22:11:16,Westwood 2 - Fairview Ave,connected,100,no,assumed
2026-10-09T22:11:42,Westwood 3 - Brookside Park,connected,100,no,assumed
2026-10-09T22:12:05,Westwood 4 - Bridge By DPW,connected,100,no,assumed
2026-10-09T22:12:28,Verona 1 - E Ried Pl,connected,53,no,no
2026-10-09T22:12:55,Verona 2 - Bloomfield Ave,connected,100,no,assumed
2026-10-09T22:13:20,Verona 3 - Franklin St,connected,98,no,no
2026-10-09T22:13:45,Verona 4 - Ozone ave,connected,100,no,assumed
2026-10-09T22:14:08,Paterson 2-5th Ave and E 6th St,connected,100,no,assumed
2026-10-09T22:14:30,Paterson3-11th Ave and East25th,connected,100,no,assumed
2026-10-09T22:15:01,Paterson 4-Getty ave,connected,100,no,assumed
2026-10-09T22:15:25,Paterson 5 - Stout Street,connected,,,
2026-10-09T22:16:54,Leonia 1 - Broad ave,connected,100,no,assumed
2026-10-09T22:17:19,Leonia 2 - Church Calvert,connected,100,no,assumed
2026-10-09T22:17:46,Leonia 3 - Broad ave East,connected,100,no,assumed
2026-10-09T22:18:11,Englewood 1 - Hamilton Ave,connected,100,no,assumed
2026-10-09T22:18:37,Englewood 2 - Forest Ave,connected,,,
2026-10-09T22:19:31,Englewood 3 - Wilbur Street,connected,100,no,assumed
2026-10-09T22:19:56,Englewood 5 - Crystal Lake,connected,100,no,assumed
2026-10-09T22:20:20,Rahway 1 - Jefferson Ave,connected,100,no,assumed
2026-10-09T22:20:46,Rahway 2 - Minor bridge,connected,51,no,no
2026-10-09T22:21:11,Rahway 3 - St George Ave,connected,100,no,assumed
2026-10-09T22:21:34,Rahway 4-NB Ave and George Ave,connected,100,no,assumed
2026-10-09T22:22:01,Rahway 5 - E Hazelwood Ave,connected,100,no,assumed
2026-10-09T22:22:27,Plainfield 1-East Front Street,connected,100,no,assumed
2026-10-09T22:22:50,Plainfield 2 - Netherwood Ave,connected,100,no,assumed
2026-10-09T22:23:14,Plainfield 3 - Watchung Ave,connected,12,no,no
2026-10-09T22:23:40,Plainfield 4 - Stelle Ave,connected,100,no,assumed
2026-10-09T22:24:04,Plainfield 5 - Leland Ave,connected,100,no,assumed
2026-10-09T22:24:28,Plainfield 6 - Milton Park,connected,100,no,assumed
2026-10-09T22:24:52,Plainfield 7 - Randolph Road,connected,100,no,assumed
2026-10-09T22:25:25,Totowa 1-Lincoln Ave and Union,connected,100,no,assumed
2026-10-09T22:25:59,Totowa 2 - Jefferson Pl,connected,100,no,assumed
2026-10-09T22:26:25,Totowa 3 - Riverside Dr,connected,100,no,assumed
2026-10-09T22:26:50,Totowa 4-Riverside Dr Riverview,connected,100,no,assumed
2026-10-09T22:27:14,Totowa 5-Vreeland Ave,connected,100,no,assumed
2026-10-09T22:27:40,Dover 1 - Blackwell St,connected,100,no,assumed
2026-10-09T22:28:09,Dover 2 - Princeton Ave,connected,100,no,assumed
2026-10-09T22:28:31,Dover 3 - Morris Street,connected,46,no,no
2026-10-09T22:28:56,Dover 4 - E Mcfarlan,connected,100,no,assumed
2026-10-09T22:29:24,Dover 5 - River St,connected,100,no,assumed
2026-10-09T22:29:48,Ridgewood 1 - Irving Street,connected,100,no,assumed
2026-10-09T22:30:18,Ridgewood 2 - Ridgewood Ave,connected,100,no,assumed
2026-10-09T22:30:43,Ridgewood 3 - Graydon Park,connected,14,no,no
2026-10-09T22:31:08,Ridgewood 4-Irving St Bridge,connected,100,no,assumed
2026-10-09T22:31:31,Ridgewood 5 - Kingsbridge,connected,1,no,no
2026-10-09T23:00:42,Irvington 1-Madison Ave,connected,70,no,no
2026-10-09T23:01:07,Irvington 2-Clinton Ave,connected,100,no,assumed
2026-10-09T23:01:30,Irvington 3-Lyons Ave,connected,100,no,assumed
2026-10-09T23:01:55,Irvington 4-40 Yale Ave,connected,100,no,assumed
2026-10-09T23:02:18,Irvington 5-Chancellor Park,connected,100,no,assumed
2026-10-09T23:02:42,Woodland Park 1-McBrideAve,connected,100,no,assumed
2026-10-09T23:03:06,Woodland Park 2 -Lackawanna Ave,connected,100,no,assumed
2026-10-09T23:03:28,Woodland Park 4-Andrews Dr,connected,100,no,assumed
2026-10-09T23:03:53,Woodland Park 6-Memorial Drive,connected,100,no,assumed
2026-10-09T23:04:23,Woodland Park 7-Hromiak Terrace,connected,53,no,no
2026-10-09T23:04:49,Cedar Grove 1 - Briarhill Rd,connected,100,no,assumed
2026-10-09T23:05:15,Cedar Grove 2 -Community park,connected,96,no,no
2026-10-09T23:05:48,Cedar Grove 3 - 653 Pompton Ave,connected,100,no,assumed
2026-10-09T23:06:13,Cedar Grove 4 -13 Commerce Rd,connected,100,no,assumed
2026-10-09T23:06:40,Cedar Grove 6 - 525 Pompton Ave,connected,100,no,assumed
2026-10-09T23:07:05,Scotch Plains1-TD Bank,connected,100,no,assumed
2026-10-09T23:07:27,Scotch Plains 2- Senger Pl,connected,100,no,assumed
2026-10-09T23:07:52,Scotch Plains 3-East Second St,connected,100,no,assumed
2026-10-09T23:08:22,Little Falls 1-LindsleyRd-CGRd,connected,100,no,assumed
2026-10-09T23:08:46,Little Falls 2 - E Main St,connected,100,no,assumed
2026-10-09T23:09:10,Little Falls 3-DPW Yard,connected,100,no,assumed
2026-10-09T23:09:33,Little Falls4-WilliamsStDairySt,connected,100,no,assumed
2026-10-09T23:09:59,Westwood 1 - Westwood Plaza,connected,98,no,no
2026-10-09T23:10:31,Westwood 2 - Fairview Ave,connected,100,no,assumed
2026-10-09T23:10:56,Westwood 3 - Brookside Park,connected,100,no,assumed
2026-10-09T23:11:21,Westwood 4 - Bridge By DPW,connected,100,no,assumed
2026-10-09T23:11:44,Verona 1 - E Ried Pl,connected,50,no,no
2026-10-09T23:12:12,Verona 2 - Bloomfield Ave,connected,98,no,no
2026-10-09T23:12:36,Verona 3 - Franklin St,connected,100,no,assumed
2026-10-09T23:13:00,Verona 4 - Ozone ave,connected,100,no,assumed
2026-10-09T23:13:27,Paterson 2-5th Ave and E 6th St,connected,100,no,assumed
2026-10-09T23:13:53,Paterson3-11th Ave and East25th,connected,100,no,assumed
2026-10-09T23:14:18,Paterson 4-Getty ave,connected,100,no,assumed
2026-10-09T23:14:42,Paterson 5 - Stout Street,connected,100,no,assumed
2026-10-09T23:15:41,Leonia 1 - Broad ave,connected,100,no,assumed
2026-10-09T23:16:05,Leonia 2 - Church Calvert,connected,100,no,assumed
2026-10-09T23:16:31,Leonia 3 - Broad ave East,connected,100,no,assumed
2026-10-09T23:16:55,Englewood 1 - Hamilton Ave,connected,100,no,assumed
2026-10-09T23:17:20,Englewood 2 - Forest Ave,connected,,,
2026-10-09T23:18:13,Englewood 3 - Wilbur Street,connected,100,no,assumed
2026-10-09T23:18:38,Englewood 5 - Crystal Lake,connected,100,no,assumed
2026-10-09T23:19:02,Rahway 1 - Jefferson Ave,connected,100,no,assumed
2026-10-09T23:19:30,Rahway 2 - Minor bridge,connected,50,no,no
2026-10-09T23:19:56,Rahway 3 - St George Ave,connected,100,no,assumed
2026-10-09T23:20:22,Rahway 4-NB Ave and George Ave,connected,100,no,assumed
2026-10-09T23:20:49,Rahway 5 - E Hazelwood Ave,connected,100,no,assumed
2026-10-09T23:21:15,Plainfield 1-East Front Street,connected,100,no,assumed
2026-10-09T23:21:41,Plainfield 2 - Netherwood Ave,connected,100,no,assumed
2026-10-09T23:22:04,Plainfield 3 - Watchung Ave,connected,,,
2026-10-09T23:22:58,Plainfield 4 - Stelle Ave,connected,100,no,assumed
2026-10-09T23:23:23,Plainfield 5 - Leland Ave,connected,100,no,assumed
2026-10-09T23:23:46,Plainfield 6 - Milton Park,connected,100,no,assumed
2026-10-09T23:24:11,Plainfield 7 - Randolph Road,connected,100,no,assumed
2026-10-09T23:24:44,Totowa 1-Lincoln Ave and Union,connected,100,no,assumed
2026-10-09T23:25:18,Totowa 2 - Jefferson Pl,connected,100,no,assumed
2026-10-09T23:25:41,Totowa 3 - Riverside Dr,connected,100,no,assumed
2026-10-09T23:26:06,Totowa 4-Riverside Dr Riverview,connected,100,no,assumed
2026-10-09T23:26:29,Totowa 5-Vreeland Ave,connected,100,no,assumed
2026-10-09T23:26:55,Dover 1 - Blackwell St,connected,100,no,assumed
2026-10-09T23:27:24,Dover 2 - Princeton Ave,connected,100,no,assumed
2026-10-09T23:27:50,Dover 3 - Morris Street,connected,46,no,no
2026-10-09T23:28:15,Dover 4 - E Mcfarlan,connected,100,no,assumed
2026-10-09T23:28:40,Dover 5 - River St,connected,100,no,assumed
2026-10-09T23:29:05,Ridgewood 1 - Irving Street,connected,100,no,assumed
2026-10-09T23:29:28,Ridgewood 2 - Ridgewood Ave,connected,100,no,assumed
2026-10-09T23:29:56,Ridgewood 3 - Graydon Park,connected,12,no,no
2026-10-09T23:30:20,Ridgewood 4-Irving St Bridge,connected,100,no,assumed
2026-10-09T23:30:46,Ridgewood 5 - Kingsbridge,connected,6,no,no
2026-10-10T00:00:42,Irvington 1-Madison Ave,connected,70,no,no
2026-10-10T00:01:06,Irvington 2-Clinton Ave,connected,100,no,assumed
2026-10-10T00:01:28,Irvington 3-Lyons Ave,connected,100,no,assumed
2026-10-10T00:01:52,Irvington 4-40 Yale Ave,connected,98,no,no
2026-10-10T00:02:18,Irvington 5-Chancellor Park,connected,100,no,assumed
2026-10-10T00:02:41,Woodland Park 1-McBrideAve,connected,100,no,assumed
2026-10-10T00:03:06,Woodland Park 2 -Lackawanna Ave,connected,100,no,assumed
2026-10-10T00:03:28,Woodland Park 4-Andrews Dr,connected,100,no,assumed
2026-10-10T00:03:56,Woodland Park 6-Memorial Drive,connected,100,no,assumed
2026-10-10T00:04:23,Woodland Park 7-Hromiak Terrace,connected,52,no,no
2026-10-10T00:04:51,Cedar Grove 1 - Briarhill Rd,connected,100,no,assumed
2026-10-10T00:05:15,Cedar Grove 2 -Community park,connected,96,no,no
2026-10-10T00:05:49,Cedar Grove 3 - 653 Pompton Ave,connected,100,no,assumed
2026-10-10T00:06:14,Cedar Grove 4 -13 Commerce Rd,connected,100,no,assumed
2026-10-10T00:06:40,Cedar Grove 6 - 525 Pompton Ave,connected,100,no,assumed
2026-10-10T00:07:04,Scotch Plains1-TD Bank,connected,100,no,assumed
2026-10-10T00:07:26,Scotch Plains 2- Senger Pl,connected,100,no,assumed
2026-10-10T00:07:49,Scotch Plains 3-East Second St,connected,100,no,assumed
2026-10-10T00:08:17,Little Falls 1-LindsleyRd-CGRd,connected,100,no,assumed
2026-10-10T00:08:41,Little Falls 2 - E Main St,connected,100,no,assumed
2026-10-10T00:09:07,Little Falls 3-DPW Yard,connected,100,no,assumed
2026-10-10T00:09:30,Little Falls4-WilliamsStDairySt,connected,100,no,assumed
2026-10-10T00:09:55,Westwood 1 - Westwood Plaza,connected,96,no,no
2026-10-10T00:10:28,Westwood 2 - Fairview Ave,connected,100,no,assumed
2026-10-10T00:10:54,Westwood 3 - Brookside Park,connected,100,no,assumed
2026-10-10T00:11:18,Westwood 4 - Bridge By DPW,connected,100,no,assumed
2026-10-10T00:11:42,Verona 1 - E Ried Pl,connected,50,no,no
2026-10-10T00:12:09,Verona 2 - Bloomfield Ave,connected,100,no,assumed
2026-10-10T00:12:34,Verona 3 - Franklin St,connected,100,no,assumed
2026-10-10T00:13:02,Verona 4 - Ozone ave,connected,100,no,assumed
2026-10-10T00:13:24,Paterson 2-5th Ave and E 6th St,connected,100,no,assumed
2026-10-10T00:13:51,Paterson3-11th Ave and East25th,connected,100,no,assumed
2026-10-10T00:14:16,Paterson 4-Getty ave,connected,100,no,assumed
2026-10-10T00:14:39,Paterson 5 - Stout Street,connected,100,no,assumed
2026-10-10T00:15:06,Leonia 1 - Broad ave,connected,100,no,assumed
2026-10-10T00:15:29,Leonia 2 - Church Calvert,connected,100,no,assumed
2026-10-10T00:15:56,Leonia 3 - Broad ave East,connected,100,no,assumed
2026-10-10T00:16:21,Englewood 1 - Hamilton Ave,connected,100,no,assumed
2026-10-10T00:16:44,Englewood 2 - Forest Ave,connected,,,
2026-10-10T00:17:37,Englewood 3 - Wilbur Street,connected,100,no,assumed
2026-10-10T00:18:00,Englewood 5 - Crystal Lake,connected,100,no,assumed
2026-10-10T00:18:25,Rahway 1 - Jefferson Ave,connected,100,no,assumed
2026-10-10T00:18:48,Rahway 2 - Minor bridge,connected,49,no,no
2026-10-10T00:19:14,Rahway 3 - St George Ave,connected,100,no,assumed
2026-10-10T00:19:38,Rahway 4-NB Ave and George Ave,connected,100,no,assumed
2026-10-10T00:20:05,Rahway 5 - E Hazelwood Ave,connected,100,no,assumed
2026-10-10T00:20:26,Plainfield 1-East Front Street,connected,100,no,assumed
2026-10-10T00:20:51,Plainfield 2 - Netherwood Ave,connected,100,no,assumed
2026-10-10T00:21:15,Plainfield 3 - Watchung Ave,connected,10,no,no
2026-10-10T00:21:41,Plainfield 4 - Stelle Ave,connected,100,no,assumed
2026-10-10T00:22:04,Plainfield 5 - Leland Ave,connected,100,no,assumed
2026-10-10T00:22:27,Plainfield 6 - Milton Park,connected,100,no,assumed
2026-10-10T00:22:50,Plainfield 7 - Randolph Road,connected,100,no,assumed
2026-10-10T00:23:22,Totowa 1-Lincoln Ave and Union,connected,100,no,assumed
2026-10-10T00:24:00,Totowa 2 - Jefferson Pl,connected,100,no,assumed
2026-10-10T00:24:26,Totowa 3 - Riverside Dr,connected,100,no,assumed
2026-10-10T00:24:50,Totowa 4-Riverside Dr Riverview,connected,100,no,assumed
2026-10-10T00:25:14,Totowa 5-Vreeland Ave,connected,100,no,assumed
2026-10-10T00:25:39,Dover 1 - Blackwell St,connected,100,no,assumed
2026-10-10T00:26:09,Dover 2 - Princeton Ave,connected,100,no,assumed
2026-10-10T00:26:32,Dover 3 - Morris Street,connected,46,no,no
2026-10-10T00:26:57,Dover 4 - E Mcfarlan,connected,100,no,assumed
2026-10-10T00:27:21,Dover 5 - River St,connected,100,no,assumed
2026-10-10T00:27:46,Ridgewood 1 - Irving Street,connected,100,no,assumed
2026-10-10T00:28:11,Ridgewood 2 - Ridgewood Ave,connected,100,no,assumed
2026-10-10T00:28:37,Ridgewood 3 - Graydon Park,connected,,,
2026-10-10T00:29:30,Ridgewood 4-Irving St Bridge,connected,100,no,assumed
2026-10-10T00:29:55,Ridgewood 5 - Kingsbridge,connected,8,no,no
2026-10-10T01:00:43,Irvington 1-Madison Ave,connected,70,no,no
2026-10-10T01:01:10,Irvington 2-Clinton Ave,connected,100,no,assumed
2026-10-10T01:01:32,Irvington 3-Lyons Ave,connected,100,no,assumed
2026-10-10T01:01:57,Irvington 4-40 Yale Ave,connected,100,no,assumed
2026-10-10T01:02:22,Irvington 5-Chancellor Park,connected,100,no,assumed
2026-10-10T01:02:48,Woodland Park 1-McBrideAve,connected,100,no,assumed
2026-10-10T01:03:15,Woodland Park 2 -Lackawanna Ave,connected,100,no,assumed
2026-10-10T01:03:39,Woodland Park 4-Andrews Dr,connected,100,no,assumed
2026-10-10T01:04:04,Woodland Park 6-Memorial Drive,connected,100,no,assumed
2026-10-10T01:04:30,Woodland Park 7-Hromiak Terrace,connected,53,no,no
2026-10-10T01:04:55,Cedar Grove 1 - Briarhill Rd,connected,100,no,assumed
2026-10-10T01:05:21,Cedar Grove 2 -Community park,connected,96,no,no
2026-10-10T01:05:52,Cedar Grove 3 - 653 Pompton Ave,connected,100,no,assumed
2026-10-10T01:06:17,Cedar Grove 4 -13 Commerce Rd,connected,100,no,assumed
2026-10-10T01:06:41,Cedar Grove 6 - 525 Pompton Ave,connected,100,no,assumed
2026-10-10T01:07:05,Scotch Plains1-TD Bank,connected,100,no,assumed
2026-10-10T01:07:27,Scotch Plains 2- Senger Pl,connected,100,no,assumed
2026-10-10T01:07:52,Scotch Plains 3-East Second St,connected,100,no,assumed
2026-10-10T01:08:19,Little Falls 1-LindsleyRd-CGRd,connected,100,no,assumed
2026-10-10T01:08:42,Little Falls 2 - E Main St,connected,100,no,assumed
2026-10-10T01:09:07,Little Falls 3-DPW Yard,connected,100,no,assumed
2026-10-10T01:09:30,Little Falls4-WilliamsStDairySt,connected,100,no,assumed
2026-10-10T01:09:54,Westwood 1 - Westwood Plaza,connected,93,no,no
2026-10-10T01:10:27,Westwood 2 - Fairview Ave,connected,100,no,assumed
2026-10-10T01:10:52,Westwood 3 - Brookside Park,connected,100,no,assumed
2026-10-10T01:11:17,Westwood 4 - Bridge By DPW,connected,100,no,assumed
2026-10-10T01:11:40,Verona 1 - E Ried Pl,connected,50,no,no
2026-10-10T01:12:09,Verona 2 - Bloomfield Ave,connected,100,no,assumed
2026-10-10T01:12:34,Verona 3 - Franklin St,connected,100,no,assumed
2026-10-10T01:13:08,Verona 4 - Ozone ave,connected,100,no,assumed
2026-10-10T01:13:30,Paterson 2-5th Ave and E 6th St,connected,100,no,assumed
2026-10-10T01:13:54,Paterson3-11th Ave and East25th,connected,100,no,assumed
2026-10-10T01:14:18,Paterson 4-Getty ave,connected,100,no,assumed
2026-10-10T01:14:41,Paterson 5 - Stout Street,connected,100,no,assumed
2026-10-10T01:15:08,Leonia 1 - Broad ave,connected,100,no,assumed
2026-10-10T01:15:38,Leonia 2 - Church Calvert,connected,100,no,assumed
2026-10-10T01:16:09,Leonia 3 - Broad ave East,connected,100,no,assumed
2026-10-10T01:16:37,Englewood 1 - Hamilton Ave,connected,100,no,assumed
2026-10-10T01:17:03,Englewood 2 - Forest Ave,connected,,,
2026-10-10T01:17:55,Englewood 3 - Wilbur Street,connected,100,no,assumed
2026-10-10T01:18:18,Englewood 5 - Crystal Lake,connected,100,no,assumed
2026-10-10T01:18:42,Rahway 1 - Jefferson Ave,connected,100,no,assumed
2026-10-10T01:19:06,Rahway 2 - Minor bridge,connected,49,no,no
2026-10-10T01:19:31,Rahway 3 - St George Ave,connected,100,no,assumed
2026-10-10T01:19:59,Rahway 4-NB Ave and George Ave,connected,100,no,assumed
2026-10-10T01:20:27,Rahway 5 - E Hazelwood Ave,connected,100,no,assumed
2026-10-10T01:20:56,Plainfield 1-East Front Street,connected,100,no,assumed
2026-10-10T01:21:20,Plainfield 2 - Netherwood Ave,connected,100,no,assumed
2026-10-10T01:21:43,Plainfield 3 - Watchung Ave,connected,8,no,no
2026-10-10T01:22:10,Plainfield 4 - Stelle Ave,connected,100,no,assumed
2026-10-10T01:22:33,Plainfield 5 - Leland Ave,connected,100,no,assumed
2026-10-10T01:22:58,Plainfield 6 - Milton Park,connected,100,no,assumed
2026-10-10T01:23:23,Plainfield 7 - Randolph Road,connected,100,no,assumed
2026-10-10T01:23:54,Totowa 1-Lincoln Ave and Union,connected,100,no,assumed
2026-10-10T01:24:29,Totowa 2 - Jefferson Pl,connected,100,no,assumed
2026-10-10T01:24:53,Totowa 3 - Riverside Dr,connected,100,no,assumed
2026-10-10T01:25:19,Totowa 4-Riverside Dr Riverview,connected,100,no,assumed
2026-10-10T01:25:43,Totowa 5-Vreeland Ave,connected,100,no,assumed
2026-10-10T01:26:06,Dover 1 - Blackwell St,connected,100,no,assumed
2026-10-10T01:26:36,Dover 2 - Princeton Ave,connected,100,no,assumed
2026-10-10T01:27:01,Dover 3 - Morris Street,connected,46,no,no
2026-10-10T01:27:29,Dover 4 - E Mcfarlan,connected,100,no,assumed
2026-10-10T01:27:53,Dover 5 - River St,connected,100,no,assumed
2026-10-10T01:28:17,Ridgewood 1 - Irving Street,connected,100,no,assumed
2026-10-10T01:28:42,Ridgewood 2 - Ridgewood Ave,connected,100,no,assumed
2026-10-10T01:29:06,Ridgewood 3 - Graydon Park,connected,10,no,no
2026-10-10T01:29:31,Ridgewood 4-Irving St Bridge,connected,100,no,assumed
2026-10-10T01:29:54,Ridgewood 5 - Kingsbridge,connected,8,no,no
2026-10-10T02:00:42,Irvington 1-Madison Ave,connected,70,no,no
2026-10-10T02:01:07,Irvington 2-Clinton Ave,connected,100,no,assumed
2026-10-10T02:01:30,Irvington 3-Lyons Ave,connected,100,no,assumed
2026-10-10T02:01:54,Irvington 4-40 Yale Ave,connected,93,no,no
2026-10-10T02:02:18,Irvington 5-Chancellor Park,connected,100,no,assumed
2026-10-10T02:02:42,Woodland Park 1-McBrideAve,connected,100,no,assumed
2026-10-10T02:03:06,Woodland Park 2 -Lackawanna Ave,connected,100,no,assumed
2026-10-10T02:03:29,Woodland Park 4-Andrews Dr,connected,100,no,assumed
2026-10-10T02:03:59,Woodland Park 6-Memorial Drive,connected,100,no,assumed
2026-10-10T02:04:27,Woodland Park 7-Hromiak Terrace,connected,50,no,no
2026-10-10T02:04:55,Cedar Grove 1 - Briarhill Rd,connected,100,no,assumed
2026-10-10T02:05:19,Cedar Grove 2 -Community park,connected,91,no,no
2026-10-10T02:05:52,Cedar Grove 3 - 653 Pompton Ave,connected,100,no,assumed
2026-10-10T02:06:17,Cedar Grove 4 -13 Commerce Rd,connected,100,no,assumed
2026-10-10T02:06:42,Cedar Grove 6 - 525 Pompton Ave,connected,100,no,assumed
2026-10-10T02:07:07,Scotch Plains1-TD Bank,connected,100,no,assumed
2026-10-10T02:07:30,Scotch Plains 2- Senger Pl,connected,100,no,assumed
2026-10-10T02:07:55,Scotch Plains 3-East Second St,connected,100,no,assumed
2026-10-10T02:08:23,Little Falls 1-LindsleyRd-CGRd,connected,100,no,assumed
2026-10-10T02:08:47,Little Falls 2 - E Main St,connected,100,no,assumed
2026-10-10T02:09:13,Little Falls 3-DPW Yard,connected,100,no,assumed
2026-10-10T02:09:37,Little Falls4-WilliamsStDairySt,connected,100,no,assumed
2026-10-10T02:10:03,Westwood 1 - Westwood Plaza,connected,93,no,no
2026-10-10T02:10:32,Westwood 2 - Fairview Ave,connected,100,no,assumed
2026-10-10T02:10:56,Westwood 3 - Brookside Park,connected,100,no,assumed
2026-10-10T02:11:23,Westwood 4 - Bridge By DPW,connected,100,no,assumed
2026-10-10T02:11:46,Verona 1 - E Ried Pl,connected,50,no,no
2026-10-10T02:12:13,Verona 2 - Bloomfield Ave,connected,98,no,no
2026-10-10T02:12:39,Verona 3 - Franklin St,connected,100,no,assumed
2026-10-10T02:13:04,Verona 4 - Ozone ave,connected,100,no,assumed
2026-10-10T02:13:27,Paterson 2-5th Ave and E 6th St,connected,100,no,assumed
2026-10-10T02:13:54,Paterson3-11th Ave and East25th,connected,100,no,assumed
2026-10-10T02:14:20,Paterson 4-Getty ave,connected,100,no,assumed
2026-10-10T02:14:44,Paterson 5 - Stout Street,connected,98,no,no
2026-10-10T02:15:10,Leonia 1 - Broad ave,connected,100,no,assumed
2026-10-10T02:15:36,Leonia 2 - Church Calvert,connected,100,no,assumed
2026-10-10T02:16:05,Leonia 3 - Broad ave East,connected,100,no,assumed
2026-10-10T02:16:33,Englewood 1 - Hamilton Ave,connected,100,no,assumed
2026-10-10T02:16:59,Englewood 2 - Forest Ave,connected,,,
2026-10-10T02:17:53,Englewood 3 - Wilbur Street,connected,100,no,assumed
2026-10-10T02:18:18,Englewood 5 - Crystal Lake,connected,100,no,assumed
2026-10-10T02:18:43,Rahway 1 - Jefferson Ave,connected,100,no,assumed
2026-10-10T02:19:07,Rahway 2 - Minor bridge,connected,48,no,no
2026-10-10T02:19:29,Rahway 3 - St George Ave,connected,100,no,assumed
2026-10-10T02:19:58,Rahway 4-NB Ave and George Ave,connected,100,no,assumed
2026-10-10T02:20:27,Rahway 5 - E Hazelwood Ave,connected,100,no,assumed
2026-10-10T02:20:54,Plainfield 1-East Front Street,connected,100,no,assumed
2026-10-10T02:21:20,Plainfield 2 - Netherwood Ave,connected,93,no,no
2026-10-10T02:21:45,Plainfield 3 - Watchung Ave,connected,6,no,no
2026-10-10T02:22:12,Plainfield 4 - Stelle Ave,connected,100,no,assumed
2026-10-10T02:22:39,Plainfield 5 - Leland Ave,connected,100,no,assumed
2026-10-10T02:23:06,Plainfield 6 - Milton Park,connected,100,no,assumed
2026-10-10T02:23:29,Plainfield 7 - Randolph Road,connected,100,no,assumed
2026-10-10T02:24:01,Totowa 1-Lincoln Ave and Union,connected,100,no,assumed
2026-10-10T02:24:34,Totowa 2 - Jefferson Pl,connected,100,no,assumed
2026-10-10T02:25:04,Totowa 3 - Riverside Dr,connected,100,no,assumed
2026-10-10T02:25:26,Totowa 4-Riverside Dr Riverview,disconnected,,,
2026-10-10T02:26:53,Totowa 5-Vreeland Ave,connected,100,no,assumed
2026-10-10T02:27:17,Dover 1 - Blackwell St,connected,100,no,assumed
2026-10-10T02:27:49,Dover 2 - Princeton Ave,connected,100,no,assumed
2026-10-10T02:28:13,Dover 3 - Morris Street,connected,46,no,no
2026-10-10T02:28:41,Dover 4 - E Mcfarlan,connected,100,no,assumed
2026-10-10T02:29:06,Dover 5 - River St,connected,100,no,assumed
2026-10-10T02:29:29,Ridgewood 1 - Irving Street,connected,100,no,assumed
2026-10-10T02:29:55,Ridgewood 2 - Ridgewood Ave,connected,100,no,assumed
2026-10-10T02:30:20,Ridgewood 3 - Graydon Park,connected,9,no,no
2026-10-10T02:30:45,Ridgewood 4-Irving St Bridge,connected,100,no,assumed
2026-10-10T02:31:10,Ridgewood 5 - Kingsbridge,connected,,,
2026-10-10T03:00:42,Irvington 1-Madison Ave,connected,70,no,no
2026-10-10T03:01:09,Irvington 2-Clinton Ave,connected,100,no,assumed
2026-10-10T03:01:33,Irvington 3-Lyons Ave,connected,100,no,assumed
2026-10-10T03:02:00,Irvington 4-40 Yale Ave,connected,93,no,no
2026-10-10T03:02:26,Irvington 5-Chancellor Park,connected,100,no,assumed
2026-10-10T03:02:50,Woodland Park 1-McBrideAve,connected,100,no,assumed
2026-10-10T03:03:15,Woodland Park 2 -Lackawanna Ave,connected,100,no,assumed
2026-10-10T03:03:42,Woodland Park 4-Andrews Dr,connected,100,no,assumed
2026-10-10T03:04:06,Woodland Park 6-Memorial Drive,connected,97,no,no
2026-10-10T03:04:33,Woodland Park 7-Hromiak Terrace,connected,51,no,no
2026-10-10T03:04:58,Cedar Grove 1 - Briarhill Rd,connected,100,no,assumed
2026-10-10T03:05:23,Cedar Grove 2 -Community park,connected,90,no,no
2026-10-10T03:05:57,Cedar Grove 3 - 653 Pompton Ave,connected,100,no,assumed
2026-10-10T03:06:22,Cedar Grove 4 -13 Commerce Rd,connected,100,no,assumed
2026-10-10T03:06:46,Cedar Grove 6 - 525 Pompton Ave,connected,100,no,assumed
2026-10-10T03:07:11,Scotch Plains1-TD Bank,connected,100,no,assumed
2026-10-10T03:07:37,Scotch Plains 2- Senger Pl,connected,100,no,assumed
2026-10-10T03:08:00,Scotch Plains 3-East Second St,connected,100,no,assumed
2026-10-10T03:08:29,Little Falls 1-LindsleyRd-CGRd,connected,95,no,no
2026-10-10T03:08:55,Little Falls 2 - E Main St,connected,100,no,assumed
2026-10-10T03:09:20,Little Falls 3-DPW Yard,connected,100,no,assumed
2026-10-10T03:09:45,Little Falls4-WilliamsStDairySt,disconnected,,,
2026-10-10T03:11:13,Westwood 1 - Westwood Plaza,connected,92,no,no
2026-10-10T03:11:35,Westwood 2 - Fairview Ave,connected,100,no,assumed
2026-10-10T03:11:59,Westwood 3 - Brookside Park,connected,93,no,no
2026-10-10T03:12:25,Westwood 4 - Bridge By DPW,connected,100,no,assumed
2026-10-10T03:12:51,Verona 1 - E Ried Pl,connected,50,no,no
2026-10-10T03:13:18,Verona 2 - Bloomfield Ave,connected,95,no,no
2026-10-10T03:13:42,Verona 3 - Franklin St,connected,100,no,assumed
2026-10-10T03:14:07,Verona 4 - Ozone ave,connected,100,no,assumed
2026-10-10T03:14:30,Paterson 2-5th Ave and E 6th St,connected,100,no,assumed
2026-10-10T03:15:00,Paterson3-11th Ave and East25th,connected,100,no,assumed
2026-10-10T03:15:23,Paterson 4-Getty ave,connected,100,no,assumed
2026-10-10T03:15:48,Paterson 5 - Stout Street,connected,100,no,assumed
2026-10-10T03:16:11,Leonia 1 - Broad ave,connected,100,no,assumed
2026-10-10T03:16:39,Leonia 2 - Church Calvert,connected,100,no,assumed
2026-10-10T03:17:08,Leonia 3 - Broad ave East,connected,100,no,assumed
2026-10-10T03:17:31,Englewood 1 - Hamilton Ave,connected,100,no,assumed
2026-10-10T03:17:55,Englewood 2 - Forest Ave,connected,,,
2026-10-10T03:18:50,Englewood 3 - Wilbur Street,connected,100,no,assumed
2026-10-10T03:19:14,Englewood 5 - Crystal Lake,connected,100,no,assumed
2026-10-10T03:19:38,Rahway 1 - Jefferson Ave,connected,100,no,assumed
2026-10-10T03:20:03,Rahway 2 - Minor bridge,connected,47,no,no
2026-10-10T03:20:26,Rahway 3 - St George Ave,connected,100,no,assumed
2026-10-10T03:20:50,Rahway 4-NB Ave and George Ave,connected,100,no,assumed
2026-10-10T03:21:17,Rahway 5 - E Hazelwood Ave,connected,100,no,assumed
2026-10-10T03:21:41,Plainfield 1-East Front Street,connected,100,no,assumed
2026-10-10T03:22:09,Plainfield 2 - Netherwood Ave,connected,95,no,no
2026-10-10T03:22:33,Plainfield 3 - Watchung Ave,connected,8,no,no
2026-10-10T03:22:59,Plainfield 4 - Stelle Ave,connected,100,no,assumed
2026-10-10T03:23:25,Plainfield 5 - Leland Ave,connected,100,no,assumed
2026-10-10T03:23:50,Plainfield 6 - Milton Park,connected,100,no,assumed
2026-10-10T03:24:14,Plainfield 7 - Randolph Road,connected,97,no,no
2026-10-10T03:24:45,Totowa 1-Lincoln Ave and Union,connected,100,no,assumed
2026-10-10T03:25:19,Totowa 2 - Jefferson Pl,connected,100,no,assumed
2026-10-10T03:25:44,Totowa 3 - Riverside Dr,connected,100,no,assumed
2026-10-10T03:26:10,Totowa 4-Riverside Dr Riverview,connected,97,no,no
2026-10-10T03:26:33,Totowa 5-Vreeland Ave,connected,100,no,assumed
2026-10-10T03:26:59,Dover 1 - Blackwell St,connected,100,no,assumed
2026-10-10T03:27:28,Dover 2 - Princeton Ave,connected,100,no,assumed
2026-10-10T03:27:52,Dover 3 - Morris Street,connected,41,no,no
2026-10-10T03:28:18,Dover 4 - E Mcfarlan,connected,100,no,assumed
2026-10-10T03:28:44,Dover 5 - River St,connected,100,no,assumed
2026-10-10T03:29:09,Ridgewood 1 - Irving Street,connected,100,no,assumed
2026-10-10T03:29:37,Ridgewood 2 - Ridgewood Ave,connected,100,no,assumed
2026-10-10T03:30:04,Ridgewood 3 - Graydon Park,connected,8,no,no
2026-10-10T03:30:30,Ridgewood 4-Irving St Bridge,connected,100,no,assumed
2026-10-10T03:30:55,Ridgewood 5 - Kingsbridge,disconnected,,,
2026-10-10T04:00:42,Irvington 1-Madison Ave,connected,69,no,no
2026-10-10T04:01:08,Irvington 2-Clinton Ave,connected,100,no,assumed
2026-10-10T04:01:33,Irvington 3-Lyons Ave,connected,100,no,assumed
2026-10-10T04:01:58,Irvington 4-40 Yale Ave,connected,93,no,no
2026-10-10T04:02:23,Irvington 5-Chancellor Park,connected,100,no,assumed
2026-10-10T04:02:48,Woodland Park 1-McBrideAve,connected,96,no,no
2026-10-10T04:03:16,Woodland Park 2 -Lackawanna Ave,connected,100,no,assumed
2026-10-10T04:03:41,Woodland Park 4-Andrews Dr,connected,100,no,assumed
2026-10-10T04:04:06,Woodland Park 6-Memorial Drive,connected,93,no,no
2026-10-10T04:04:31,Woodland Park 7-Hromiak Terrace,connected,50,no,no
2026-10-10T04:04:56,Cedar Grove 1 - Briarhill Rd,connected,100,no,assumed
2026-10-10T04:05:22,Cedar Grove 2 -Community park,connected,90,no,no
2026-10-10T04:05:58,Cedar Grove 3 - 653 Pompton Ave,connected,100,no,assumed
2026-10-10T04:06:25,Cedar Grove 4 -13 Commerce Rd,connected,100,no,assumed
2026-10-10T04:06:51,Cedar Grove 6 - 525 Pompton Ave,connected,100,no,assumed
2026-10-10T04:07:16,Scotch Plains1-TD Bank,connected,100,no,assumed
2026-10-10T04:07:41,Scotch Plains 2- Senger Pl,connected,100,no,assumed
2026-10-10T04:08:05,Scotch Plains 3-East Second St,connected,100,no,assumed
2026-10-10T04:08:31,Little Falls 1-LindsleyRd-CGRd,connected,95,no,no
2026-10-10T04:08:54,Little Falls 2 - E Main St,connected,100,no,assumed
2026-10-10T04:09:20,Little Falls 3-DPW Yard,connected,100,no,assumed
2026-10-10T04:09:44,Little Falls4-WilliamsStDairySt,connected,100,no,assumed
2026-10-10T04:10:08,Westwood 1 - Westwood Plaza,connected,91,no,no
2026-10-10T04:10:31,Westwood 2 - Fairview Ave,connected,100,no,assumed
2026-10-10T04:10:56,Westwood 3 - Brookside Park,connected,93,no,no
2026-10-10T04:11:20,Westwood 4 - Bridge By DPW,connected,100,no,assumed
2026-10-10T04:11:44,Verona 1 - E Ried Pl,connected,48,no,no
2026-10-10T04:12:12,Verona 2 - Bloomfield Ave,connected,92,no,no
2026-10-10T04:12:38,Verona 3 - Franklin St,connected,100,no,assumed
2026-10-10T04:13:03,Verona 4 - Ozone ave,connected,100,no,assumed
2026-10-10T04:13:25,Paterson 2-5th Ave and E 6th St,connected,100,no,assumed
2026-10-10T04:13:50,Paterson3-11th Ave and East25th,connected,100,no,assumed
2026-10-10T04:14:15,Paterson 4-Getty ave,connected,100,no,assumed
2026-10-10T04:14:39,Paterson 5 - Stout Street,connected,100,no,assumed
2026-10-10T04:15:04,Leonia 1 - Broad ave,connected,93,no,no
2026-10-10T04:15:28,Leonia 2 - Church Calvert,connected,100,no,assumed
2026-10-10T04:15:59,Leonia 3 - Broad ave East,connected,100,no,assumed
2026-10-10T04:16:25,Englewood 1 - Hamilton Ave,connected,100,no,assumed
2026-10-10T04:16:50,Englewood 2 - Forest Ave,connected,,,
2026-10-10T04:17:45,Englewood 3 - Wilbur Street,connected,100,no,assumed
2026-10-10T04:18:12,Englewood 5 - Crystal Lake,connected,100,no,assumed
2026-10-10T04:18:36,Rahway 1 - Jefferson Ave,connected,100,no,assumed
2026-10-10T04:19:00,Rahway 2 - Minor bridge,connected,47,no,no
2026-10-10T04:19:25,Rahway 3 - St George Ave,connected,100,no,assumed
2026-10-10T04:19:50,Rahway 4-NB Ave and George Ave,connected,100,no,assumed
2026-10-10T04:20:17,Rahway 5 - E Hazelwood Ave,connected,100,no,assumed
2026-10-10T04:20:42,Plainfield 1-East Front Street,connected,100,no,assumed
2026-10-10T04:21:06,Plainfield 2 - Netherwood Ave,connected,93,no,no
2026-10-10T04:21:29,Plainfield 3 - Watchung Ave,connected,8,no,no
2026-10-10T04:21:56,Plainfield 4 - Stelle Ave,connected,100,no,assumed
2026-10-10T04:22:20,Plainfield 5 - Leland Ave,connected,100,no,assumed
2026-10-10T04:22:44,Plainfield 6 - Milton Park,connected,100,no,assumed
2026-10-10T04:23:08,Plainfield 7 - Randolph Road,connected,93,no,no
2026-10-10T04:23:32,Totowa 1-Lincoln Ave and Union,connected,100,no,assumed
2026-10-10T04:24:05,Totowa 2 - Jefferson Pl,connected,100,no,assumed
2026-10-10T04:24:37,Totowa 3 - Riverside Dr,connected,100,no,assumed
2026-10-10T04:25:03,Totowa 4-Riverside Dr Riverview,connected,97,no,no
2026-10-10T04:25:25,Totowa 5-Vreeland Ave,connected,100,no,assumed
2026-10-10T04:25:52,Dover 1 - Blackwell St,connected,100,no,assumed
2026-10-10T04:26:22,Dover 2 - Princeton Ave,connected,100,no,assumed
2026-10-10T04:26:47,Dover 3 - Morris Street,connected,41,no,no
2026-10-10T04:27:11,Dover 4 - E Mcfarlan,connected,100,no,assumed
2026-10-10T04:27:35,Dover 5 - River St,connected,100,no,assumed
2026-10-10T04:28:00,Ridgewood 1 - Irving Street,connected,100,no,assumed
2026-10-10T04:28:26,Ridgewood 2 - Ridgewood Ave,connected,100,no,assumed
2026-10-10T04:28:52,Ridgewood 3 - Graydon Park,connected,1,no,no
2026-10-10T04:29:16,Ridgewood 4-Irving St Bridge,connected,100,no,assumed
2026-10-10T04:29:40,Ridgewood 5 - Kingsbridge,disconnected,,,
2026-10-10T05:00:42,Irvington 1-Madison Ave,connected,68,no,no
2026-10-10T05:01:07,Irvington 2-Clinton Ave,connected,100,no,assumed
2026-10-10T05:01:29,Irvington 3-Lyons Ave,connected,100,no,assumed
2026-10-10T05:02:38,Irvington 4-40 Yale Ave,connected,93,no,no
2026-10-10T05:03:04,Irvington 5-Chancellor Park,connected,100,no,assumed
2026-10-10T05:03:27,Woodland Park 1-McBrideAve,connected,97,no,no
2026-10-10T05:03:52,Woodland Park 2 -Lackawanna Ave,connected,100,no,assumed
2026-10-10T05:04:17,Woodland Park 4-Andrews Dr,connected,100,no,assumed
2026-10-10T05:04:43,Woodland Park 6-Memorial Drive,connected,93,no,no
2026-10-10T05:05:09,Woodland Park 7-Hromiak Terrace,connected,50,no,no
2026-10-10T05:05:32,Cedar Grove 1 - Briarhill Rd,connected,100,no,assumed
2026-10-10T05:05:57,Cedar Grove 2 -Community park,connected,89,no,no
2026-10-10T05:06:30,Cedar Grove 3 - 653 Pompton Ave,connected,100,no,assumed
2026-10-10T05:06:55,Cedar Grove 4 -13 Commerce Rd,connected,100,no,assumed
2026-10-10T05:07:19,Cedar Grove 6 - 525 Pompton Ave,connected,100,no,assumed
2026-10-10T05:07:45,Scotch Plains1-TD Bank,connected,100,no,assumed
2026-10-10T05:08:10,Scotch Plains 2- Senger Pl,connected,100,no,assumed
2026-10-10T05:08:32,Scotch Plains 3-East Second St,connected,100,no,assumed
2026-10-10T05:09:00,Little Falls 1-LindsleyRd-CGRd,connected,93,no,no
2026-10-10T05:09:25,Little Falls 2 - E Main St,connected,100,no,assumed
2026-10-10T05:09:49,Little Falls 3-DPW Yard,connected,,,
2026-10-10T05:10:43,Little Falls4-WilliamsStDairySt,connected,100,no,assumed
2026-10-10T05:11:08,Westwood 1 - Westwood Plaza,connected,90,no,no
2026-10-10T05:11:34,Westwood 2 - Fairview Ave,connected,100,no,assumed
2026-10-10T05:11:59,Westwood 3 - Brookside Park,connected,93,no,no
2026-10-10T05:12:25,Westwood 4 - Bridge By DPW,connected,100,no,assumed
2026-10-10T05:12:50,Verona 1 - E Ried Pl,connected,47,no,no
2026-10-10T05:13:19,Verona 2 - Bloomfield Ave,connected,92,no,no
2026-10-10T05:13:43,Verona 3 - Franklin St,connected,100,no,assumed
2026-10-10T05:14:10,Verona 4 - Ozone ave,connected,100,no,assumed
2026-10-10T05:14:33,Paterson 2-5th Ave and E 6th St,connected,100,no,assumed
2026-10-10T05:14:57,Paterson3-11th Ave and East25th,connected,97,no,no
2026-10-10T05:15:21,Paterson 4-Getty ave,connected,100,no,assumed
2026-10-10T05:15:46,Paterson 5 - Stout Street,connected,100,no,assumed
2026-10-10T05:16:10,Leonia 1 - Broad ave,connected,93,no,no
2026-10-10T05:16:37,Leonia 2 - Church Calvert,connected,100,no,assumed
2026-10-10T05:17:05,Leonia 3 - Broad ave East,connected,100,no,assumed
2026-10-10T05:17:28,Englewood 1 - Hamilton Ave,connected,100,no,assumed
2026-10-10T05:17:52,Englewood 2 - Forest Ave,connected,,,
2026-10-10T05:18:46,Englewood 3 - Wilbur Street,connected,100,no,assumed
2026-10-10T05:19:10,Englewood 5 - Crystal Lake,connected,97,no,no
2026-10-10T05:19:32,Rahway 1 - Jefferson Ave,connected,100,no,assumed
2026-10-10T05:19:57,Rahway 2 - Minor bridge,connected,47,no,no
2026-10-10T05:20:24,Rahway 3 - St George Ave,connected,100,no,assumed
2026-10-10T05:20:50,Rahway 4-NB Ave and George Ave,connected,100,no,assumed
2026-10-10T05:21:17,Rahway 5 - E Hazelwood Ave,connected,100,no,assumed
2026-10-10T05:21:42,Plainfield 1-East Front Street,connected,100,no,assumed
2026-10-10T05:22:07,Plainfield 2 - Netherwood Ave,connected,93,no,no
2026-10-10T05:22:28,Plainfield 3 - Watchung Ave,connected,,,
2026-10-10T05:23:24,Plainfield 4 - Stelle Ave,connected,100,no,assumed
2026-10-10T05:23:49,Plainfield 5 - Leland Ave,connected,100,no,assumed
2026-10-10T05:24:15,Plainfield 6 - Milton Park,connected,100,no,assumed
2026-10-10T05:24:38,Plainfield 7 - Randolph Road,connected,93,no,no
2026-10-10T05:25:10,Totowa 1-Lincoln Ave and Union,connected,100,no,assumed
2026-10-10T05:25:44,Totowa 2 - Jefferson Pl,connected,100,no,assumed
2026-10-10T05:26:10,Totowa 3 - Riverside Dr,connected,100,no,assumed
2026-10-10T05:26:33,Totowa 4-Riverside Dr Riverview,connected,93,no,no
2026-10-10T05:26:59,Totowa 5-Vreeland Ave,connected,100,no,assumed
2026-10-10T05:27:25,Dover 1 - Blackwell St,connected,100,no,assumed
2026-10-10T05:27:55,Dover 2 - Princeton Ave,connected,100,no,assumed
2026-10-10T05:28:20,Dover 3 - Morris Street,connected,41,no,no
2026-10-10T05:28:43,Dover 4 - E Mcfarlan,connected,100,no,assumed
2026-10-10T05:29:08,Dover 5 - River St,connected,100,no,assumed
2026-10-10T05:29:31,Ridgewood 1 - Irving Street,connected,100,no,assumed
2026-10-10T05:29:56,Ridgewood 2 - Ridgewood Ave,connected,100,no,assumed
2026-10-10T05:30:20,Ridgewood 3 - Graydon Park,connected,1,no,no
2026-10-10T05:30:44,Ridgewood 4-Irving St Bridge,connected,100,no,assumed
2026-10-10T05:31:08,Ridgewood 5 - Kingsbridge,disconnected,,,
2026-10-10T06:00:42,Irvington 1-Madison Ave,connected,68,no,no
2026-10-10T06:01:10,Irvington 2-Clinton Ave,connected,100,no,assumed
2026-10-10T06:01:35,Irvington 3-Lyons Ave,connected,100,no,assumed
2026-10-10T06:02:00,Irvington 4-40 Yale Ave,connected,93,no,no
2026-10-10T06:02:23,Irvington 5-Chancellor Park,connected,100,no,assumed
2026-10-10T06:02:47,Woodland Park 1-McBrideAve,connected,93,no,no
2026-10-10T06:03:13,Woodland Park 2 -Lackawanna Ave,connected,100,no,assumed
2026-10-10T06:03:38,Woodland Park 4-Andrews Dr,connected,100,no,assumed
2026-10-10T06:04:02,Woodland Park 6-Memorial Drive,connected,93,no,no
2026-10-10T06:04:28,Woodland Park 7-Hromiak Terrace,connected,50,no,no
2026-10-10T06:04:53,Cedar Grove 1 - Briarhill Rd,connected,100,no,assumed
2026-10-10T06:05:16,Cedar Grove 2 -Community park,connected,87,no,no
2026-10-10T06:05:54,Cedar Grove 3 - 653 Pompton Ave,connected,100,no,assumed
2026-10-10T06:06:18,Cedar Grove 4 -13 Commerce Rd,connected,100,no,assumed
2026-10-10T06:06:43,Cedar Grove 6 - 525 Pompton Ave,connected,100,no,assumed
2026-10-10T06:07:09,Scotch Plains1-TD Bank,connected,100,no,assumed
2026-10-10T06:07:31,Scotch Plains 2- Senger Pl,connected,100,no,assumed
2026-10-10T06:07:56,Scotch Plains 3-East Second St,connected,100,no,assumed
2026-10-10T06:08:24,Little Falls 1-LindsleyRd-CGRd,connected,93,no,no
2026-10-10T06:08:48,Little Falls 2 - E Main St,connected,100,no,assumed
2026-10-10T06:09:13,Little Falls 3-DPW Yard,connected,100,no,assumed
2026-10-10T06:09:38,Little Falls4-WilliamsStDairySt,connected,100,no,assumed
2026-10-10T06:10:02,Westwood 1 - Westwood Plaza,connected,90,no,no
2026-10-10T06:10:32,Westwood 2 - Fairview Ave,connected,100,no,assumed
2026-10-10T06:10:58,Westwood 3 - Brookside Park,connected,93,no,no
2026-10-10T06:11:22,Westwood 4 - Bridge By DPW,connected,100,no,assumed
2026-10-10T06:11:47,Verona 1 - E Ried Pl,connected,48,no,no
2026-10-10T06:12:17,Verona 2 - Bloomfield Ave,connected,93,no,no
2026-10-10T06:12:41,Verona 3 - Franklin St,connected,96,no,no
2026-10-10T06:13:07,Verona 4 - Ozone ave,connected,98,no,no
2026-10-10T06:13:30,Paterson 2-5th Ave and E 6th St,connected,98,no,no
2026-10-10T06:13:55,Paterson3-11th Ave and East25th,connected,93,no,no
2026-10-10T06:14:19,Paterson 4-Getty ave,connected,100,no,assumed
2026-10-10T06:14:42,Paterson 5 - Stout Street,connected,100,no,assumed
2026-10-10T06:15:07,Leonia 1 - Broad ave,connected,93,no,no
2026-10-10T06:15:30,Leonia 2 - Church Calvert,connected,100,no,assumed
2026-10-10T06:15:58,Leonia 3 - Broad ave East,connected,100,no,assumed
2026-10-10T06:16:24,Englewood 1 - Hamilton Ave,connected,100,no,assumed
2026-10-10T06:17:29,Englewood 2 - Forest Ave,connected,,,
2026-10-10T06:18:23,Englewood 3 - Wilbur Street,connected,100,no,assumed
2026-10-10T06:18:46,Englewood 5 - Crystal Lake,connected,95,no,no
2026-10-10T06:19:11,Rahway 1 - Jefferson Ave,connected,100,no,assumed
2026-10-10T06:19:35,Rahway 2 - Minor bridge,connected,47,no,no
2026-10-10T06:20:01,Rahway 3 - St George Ave,connected,100,no,assumed
2026-10-10T06:20:25,Rahway 4-NB Ave and George Ave,connected,100,no,assumed
2026-10-10T06:20:53,Rahway 5 - E Hazelwood Ave,connected,100,no,assumed
2026-10-10T06:21:18,Plainfield 1-East Front Street,connected,100,no,assumed
2026-10-10T06:21:45,Plainfield 2 - Netherwood Ave,connected,92,no,no
2026-10-10T06:22:09,Plainfield 3 - Watchung Ave,disconnected,,,
2026-10-10T06:23:37,Plainfield 4 - Stelle Ave,connected,100,no,assumed
2026-10-10T06:24:00,Plainfield 5 - Leland Ave,connected,100,no,assumed
2026-10-10T06:24:24,Plainfield 6 - Milton Park,connected,100,no,assumed
2026-10-10T06:24:49,Plainfield 7 - Randolph Road,connected,92,no,no
2026-10-10T06:25:22,Totowa 1-Lincoln Ave and Union,connected,100,no,assumed
2026-10-10T06:25:57,Totowa 2 - Jefferson Pl,connected,100,no,assumed
2026-10-10T06:26:21,Totowa 3 - Riverside Dr,connected,100,no,assumed
2026-10-10T06:26:45,Totowa 4-Riverside Dr Riverview,connected,93,no,no
2026-10-10T06:27:11,Totowa 5-Vreeland Ave,connected,100,no,assumed
2026-10-10T06:27:39,Dover 1 - Blackwell St,connected,100,no,assumed
2026-10-10T06:28:08,Dover 2 - Princeton Ave,connected,100,no,assumed
2026-10-10T06:28:30,Dover 3 - Morris Street,connected,41,no,no
2026-10-10T06:28:54,Dover 4 - E Mcfarlan,connected,100,no,assumed
2026-10-10T06:29:18,Dover 5 - River St,connected,100,no,assumed
2026-10-10T06:29:42,Ridgewood 1 - Irving Street,connected,100,no,assumed
2026-10-10T06:30:08,Ridgewood 2 - Ridgewood Ave,connected,100,no,assumed
2026-10-10T06:30:31,Ridgewood 3 - Graydon Park,connected,1,no,no
2026-10-10T06:30:55,Ridgewood 4-Irving St Bridge,connected,100,no,assumed
2026-10-10T06:31:20,Ridgewood 5 - Kingsbridge,disconnected,,,
2026-10-10T07:00:42,Irvington 1-Madison Ave,connected,67,no,no
2026-10-10T07:01:06,Irvington 2-Clinton Ave,connected,100,no,assumed
2026-10-10T07:01:28,Irvington 3-Lyons Ave,connected,100,no,assumed
2026-10-10T07:01:52,Irvington 4-40 Yale Ave,connected,92,no,no
2026-10-10T07:02:17,Irvington 5-Chancellor Park,connected,95,no,no
2026-10-10T07:02:42,Woodland Park 1-McBrideAve,connected,93,no,no
2026-10-10T07:03:05,Woodland Park 2 -Lackawanna Ave,connected,100,no,assumed
2026-10-10T07:03:30,Woodland Park 4-Andrews Dr,connected,100,no,assumed
2026-10-10T07:03:54,Woodland Park 6-Memorial Drive,connected,93,no,no
2026-10-10T07:04:22,Woodland Park 7-Hromiak Terrace,connected,50,no,no
2026-10-10T07:04:46,Cedar Grove 1 - Briarhill Rd,connected,100,no,assumed
2026-10-10T07:05:11,Cedar Grove 2 -Community park,connected,87,no,no
2026-10-10T07:05:50,Cedar Grove 3 - 653 Pompton Ave,connected,100,no,assumed
2026-10-10T07:06:16,Cedar Grove 4 -13 Commerce Rd,connected,100,no,assumed
2026-10-10T07:06:40,Cedar Grove 6 - 525 Pompton Ave,connected,100,no,assumed
2026-10-10T07:07:09,Scotch Plains1-TD Bank,connected,100,no,assumed
2026-10-10T07:07:31,Scotch Plains 2- Senger Pl,connected,100,no,assumed
2026-10-10T07:07:55,Scotch Plains 3-East Second St,connected,100,no,assumed
2026-10-10T07:08:24,Little Falls 1-LindsleyRd-CGRd,connected,92,no,no
2026-10-10T07:08:49,Little Falls 2 - E Main St,connected,100,no,assumed
2026-10-10T07:09:17,Little Falls 3-DPW Yard,connected,100,no,assumed
2026-10-10T07:09:41,Little Falls4-WilliamsStDairySt,connected,100,no,assumed
2026-10-10T07:10:05,Westwood 1 - Westwood Plaza,connected,87,no,no
2026-10-10T07:10:31,Westwood 2 - Fairview Ave,connected,98,no,no
2026-10-10T07:10:57,Westwood 3 - Brookside Park,connected,93,no,no
2026-10-10T07:11:24,Westwood 4 - Bridge By DPW,connected,98,no,no
2026-10-10T07:11:48,Verona 1 - E Ried Pl,connected,47,no,no
2026-10-10T07:12:16,Verona 2 - Bloomfield Ave,connected,91,no,no
2026-10-10T07:12:40,Verona 3 - Franklin St,connected,97,no,no
2026-10-10T07:13:07,Verona 4 - Ozone ave,connected,96,yes,yes
2026-10-10T07:13:29,Paterson 2-5th Ave and E 6th St,connected,93,yes,yes
2026-10-10T07:13:55,Paterson3-11th Ave and East25th,connected,93,no,no
2026-10-10T07:14:19,Paterson 4-Getty ave,connected,100,no,assumed
2026-10-10T07:14:43,Paterson 5 - Stout Street,connected,100,no,assumed
2026-10-10T07:15:08,Leonia 1 - Broad ave,connected,93,no,no
2026-10-10T07:15:31,Leonia 2 - Church Calvert,connected,100,no,assumed
2026-10-10T07:15:59,Leonia 3 - Broad ave East,connected,100,no,assumed
2026-10-10T07:16:24,Englewood 1 - Hamilton Ave,connected,100,no,assumed
2026-10-10T07:16:49,Englewood 2 - Forest Ave,connected,73,no,no
2026-10-10T07:17:13,Englewood 3 - Wilbur Street,connected,100,no,assumed
2026-10-10T07:17:39,Englewood 5 - Crystal Lake,connected,95,no,no
2026-10-10T07:18:03,Rahway 1 - Jefferson Ave,connected,100,no,assumed
2026-10-10T07:18:26,Rahway 2 - Minor bridge,connected,47,no,no
2026-10-10T07:18:50,Rahway 3 - St George Ave,connected,100,no,assumed
2026-10-10T07:19:15,Rahway 4-NB Ave and George Ave,connected,100,no,assumed
2026-10-10T07:19:42,Rahway 5 - E Hazelwood Ave,connected,100,no,assumed
2026-10-10T07:20:06,Plainfield 1-East Front Street,connected,100,no,assumed
2026-10-10T07:20:31,Plainfield 2 - Netherwood Ave,connected,92,no,no
2026-10-10T07:20:56,Plainfield 3 - Watchung Ave,disconnected,,,
2026-10-10T07:22:23,Plainfield 4 - Stelle Ave,connected,100,yes,yes
2026-10-10T07:22:48,Plainfield 5 - Leland Ave,connected,100,no,assumed
2026-10-10T07:23:14,Plainfield 6 - Milton Park,connected,100,yes,yes
2026-10-10T07:23:37,Plainfield 7 - Randolph Road,connected,91,no,no
2026-10-10T07:24:09,Totowa 1-Lincoln Ave and Union,connected,100,yes,yes
2026-10-10T07:24:42,Totowa 2 - Jefferson Pl,connected,100,yes,yes
2026-10-10T07:25:08,Totowa 3 - Riverside Dr,connected,97,no,no
2026-10-10T07:25:30,Totowa 4-Riverside Dr Riverview,connected,93,no,no
2026-10-10T07:25:55,Totowa 5-Vreeland Ave,connected,100,yes,yes
2026-10-10T07:26:20,Dover 1 - Blackwell St,connected,100,yes,yes
2026-10-10T07:26:49,Dover 2 - Princeton Ave,connected,100,yes,yes
2026-10-10T07:27:14,Dover 3 - Morris Street,connected,41,yes,yes
2026-10-10T07:27:38,Dover 4 - E Mcfarlan,connected,100,yes,yes
2026-10-10T07:28:04,Dover 5 - River St,connected,100,no,assumed
2026-10-10T07:28:26,Ridgewood 1 - Irving Street,connected,100,yes,yes
2026-10-10T07:28:51,Ridgewood 2 - Ridgewood Ave,connected,100,yes,yes
2026-10-10T07:29:16,Ridgewood 3 - Graydon Park,connected,6,no,no
2026-10-10T07:29:40,Ridgewood 4-Irving St Bridge,connected,100,yes,yes
2026-10-10T07:30:05,Ridgewood 5 - Kingsbridge,disconnected,,,
2026-10-10T08:00:42,Irvington 1-Madison Ave,connected,67,no,no
2026-10-10T08:01:07,Irvington 2-Clinton Ave,connected,100,yes,yes
2026-10-10T08:01:30,Irvington 3-Lyons Ave,connected,100,yes,yes
2026-10-10T08:01:58,Irvington 4-40 Yale Ave,connected,92,no,no
2026-10-10T08:02:24,Irvington 5-Chancellor Park,connected,95,yes,yes
2026-10-10T08:02:48,Woodland Park 1-McBrideAve,connected,93,yes,yes
2026-10-10T08:03:13,Woodland Park 2 -Lackawanna Ave,connected,100,yes,yes
2026-10-10T08:03:36,Woodland Park 4-Andrews Dr,connected,100,yes,yes
2026-10-10T08:03:59,Woodland Park 6-Memorial Drive,connected,92,yes,yes
2026-10-10T08:04:28,Woodland Park 7-Hromiak Terrace,connected,50,yes,yes
2026-10-10T08:04:54,Cedar Grove 1 - Briarhill Rd,connected,100,yes,yes
2026-10-10T08:05:21,Cedar Grove 2 -Community park,connected,87,yes,yes
2026-10-10T08:05:54,Cedar Grove 3 - 653 Pompton Ave,connected,100,yes,yes
2026-10-10T08:06:19,Cedar Grove 4 -13 Commerce Rd,connected,100,yes,yes
2026-10-10T08:06:43,Cedar Grove 6 - 525 Pompton Ave,connected,100,yes,yes
2026-10-10T08:07:08,Scotch Plains1-TD Bank,connected,100,yes,yes
2026-10-10T08:07:31,Scotch Plains 2- Senger Pl,connected,98,yes,yes
2026-10-10T08:07:56,Scotch Plains 3-East Second St,connected,100,yes,yes
2026-10-10T08:08:25,Little Falls 1-LindsleyRd-CGRd,connected,93,yes,yes
2026-10-10T08:08:51,Little Falls 2 - E Main St,connected,93,yes,yes
2026-10-10T08:09:15,Little Falls 3-DPW Yard,connected,100,yes,yes
2026-10-10T08:09:40,Little Falls4-WilliamsStDairySt,connected,100,yes,yes
2026-10-10T08:10:04,Westwood 1 - Westwood Plaza,connected,87,yes,yes
2026-10-10T08:10:31,Westwood 2 - Fairview Ave,connected,100,yes,yes
2026-10-10T08:10:55,Westwood 3 - Brookside Park,connected,92,yes,yes
2026-10-10T08:11:20,Westwood 4 - Bridge By DPW,connected,100,yes,yes
2026-10-10T08:11:44,Verona 1 - E Ried Pl,connected,47,yes,yes
2026-10-10T08:12:12,Verona 2 - Bloomfield Ave,connected,93,yes,yes
2026-10-10T08:12:37,Verona 3 - Franklin St,connected,96,yes,yes
2026-10-10T08:13:03,Verona 4 - Ozone ave,connected,95,yes,yes
2026-10-10T08:13:25,Paterson 2-5th Ave and E 6th St,connected,96,yes,yes
2026-10-10T08:13:49,Paterson3-11th Ave and East25th,connected,95,yes,yes
2026-10-10T08:14:12,Paterson 4-Getty ave,connected,95,yes,yes
2026-10-10T08:14:39,Paterson 5 - Stout Street,connected,100,yes,yes
2026-10-10T08:15:04,Leonia 1 - Broad ave,connected,93,yes,yes
2026-10-10T08:15:27,Leonia 2 - Church Calvert,connected,100,yes,yes
2026-10-10T08:15:58,Leonia 3 - Broad ave East,connected,100,yes,yes
2026-10-10T08:16:23,Englewood 1 - Hamilton Ave,connected,100,yes,yes
2026-10-10T08:16:49,Englewood 2 - Forest Ave,connected,,,
2026-10-10T08:17:43,Englewood 3 - Wilbur Street,connected,100,yes,yes
2026-10-10T08:18:10,Englewood 5 - Crystal Lake,connected,93,yes,yes
2026-10-10T08:18:37,Rahway 1 - Jefferson Ave,connected,100,yes,yes
2026-10-10T08:19:01,Rahway 2 - Minor bridge,connected,47,yes,yes
2026-10-10T08:19:24,Rahway 3 - St George Ave,connected,100,yes,yes
2026-10-10T08:19:48,Rahway 4-NB Ave and George Ave,connected,100,yes,yes
2026-10-10T08:20:17,Rahway 5 - E Hazelwood Ave,connected,100,yes,yes
2026-10-10T08:20:41,Plainfield 1-East Front Street,connected,100,yes,yes
2026-10-10T08:21:06,Plainfield 2 - Netherwood Ave,connected,92,yes,yes
2026-10-10T08:21:29,Plainfield 3 - Watchung Ave,disconnected,,,
2026-10-10T08:22:56,Plainfield 4 - Stelle Ave,connected,100,yes,yes
2026-10-10T08:23:20,Plainfield 5 - Leland Ave,connected,100,yes,yes
2026-10-10T08:23:44,Plainfield 6 - Milton Park,connected,100,yes,yes
2026-10-10T08:24:08,Plainfield 7 - Randolph Road,connected,91,yes,yes
2026-10-10T08:24:31,Totowa 1-Lincoln Ave and Union,connected,100,yes,yes
2026-10-10T08:25:05,Totowa 2 - Jefferson Pl,connected,100,yes,yes
2026-10-10T08:25:27,Totowa 3 - Riverside Dr,connected,100,yes,yes
2026-10-10T08:25:52,Totowa 4-Riverside Dr Riverview,connected,93,yes,yes
2026-10-10T08:26:20,Totowa 5-Vreeland Ave,connected,100,yes,yes
2026-10-10T08:26:44,Dover 1 - Blackwell St,connected,100,yes,yes
2026-10-10T08:27:14,Dover 2 - Princeton Ave,connected,100,yes,yes
2026-10-10T08:27:38,Dover 3 - Morris Street,connected,41,yes,yes
2026-10-10T08:28:03,Dover 4 - E Mcfarlan,connected,100,yes,yes
2026-10-10T08:28:27,Dover 5 - River St,connected,100,yes,yes
2026-10-10T08:28:52,Ridgewood 1 - Irving Street,connected,100,yes,yes
2026-10-10T08:29:17,Ridgewood 2 - Ridgewood Ave,connected,100,yes,yes
2026-10-10T08:29:40,Ridgewood 3 - Graydon Park,connected,6,yes,yes
2026-10-10T08:30:04,Ridgewood 4-Irving St Bridge,connected,100,yes,yes
2026-10-10T08:30:27,Ridgewood 5 - Kingsbridge,disconnected,,,
2026-10-10T09:00:42,Irvington 1-Madison Ave,connected,66,no,no
2026-10-10T09:01:07,Irvington 2-Clinton Ave,connected,100,yes,yes
2026-10-10T09:01:29,Irvington 3-Lyons Ave,connected,100,yes,yes
2026-10-10T09:01:54,Irvington 4-40 Yale Ave,connected,92,yes,yes
2026-10-10T09:02:22,Irvington 5-Chancellor Park,connected,95,yes,yes
2026-10-10T09:02:47,Woodland Park 1-McBrideAve,connected,97,yes,yes
2026-10-10T09:03:12,Woodland Park 2 -Lackawanna Ave,connected,100,yes,yes
2026-10-10T09:03:38,Woodland Park 4-Andrews Dr,connected,100,yes,yes
2026-10-10T09:04:01,Woodland Park 6-Memorial Drive,connected,93,yes,yes
2026-10-10T09:04:27,Woodland Park 7-Hromiak Terrace,connected,50,yes,yes
2026-10-10T09:04:53,Cedar Grove 1 - Briarhill Rd,connected,100,yes,yes
2026-10-10T09:05:17,Cedar Grove 2 -Community park,connected,87,yes,yes
2026-10-10T09:06:00,Cedar Grove 3 - 653 Pompton Ave,connected,100,yes,yes
2026-10-10T09:06:25,Cedar Grove 4 -13 Commerce Rd,connected,100,yes,yes
2026-10-10T09:06:50,Cedar Grove 6 - 525 Pompton Ave,connected,100,yes,yes
2026-10-10T09:07:15,Scotch Plains1-TD Bank,connected,100,yes,yes
2026-10-10T09:07:38,Scotch Plains 2- Senger Pl,connected,100,yes,yes
2026-10-10T09:08:02,Scotch Plains 3-East Second St,connected,100,yes,yes
2026-10-10T09:08:27,Little Falls 1-LindsleyRd-CGRd,connected,100,yes,yes
2026-10-10T09:08:52,Little Falls 2 - E Main St,connected,100,yes,yes
2026-10-10T09:09:15,Little Falls 3-DPW Yard,connected,100,yes,yes
2026-10-10T09:09:41,Little Falls4-WilliamsStDairySt,connected,100,yes,yes
2026-10-10T09:10:08,Westwood 1 - Westwood Plaza,connected,87,yes,yes
2026-10-10T09:10:32,Westwood 2 - Fairview Ave,connected,100,yes,yes
2026-10-10T09:10:56,Westwood 3 - Brookside Park,connected,93,yes,yes
2026-10-10T09:11:23,Westwood 4 - Bridge By DPW,connected,100,yes,yes
2026-10-10T09:11:48,Verona 1 - E Ried Pl,connected,47,yes,yes
2026-10-10T09:12:16,Verona 2 - Bloomfield Ave,connected,93,yes,yes
2026-10-10T09:12:41,Verona 3 - Franklin St,connected,96,yes,yes
2026-10-10T09:13:06,Verona 4 - Ozone ave,connected,100,yes,yes
2026-10-10T09:13:29,Paterson 2-5th Ave and E 6th St,connected,100,yes,yes
2026-10-10T09:13:53,Paterson3-11th Ave and East25th,connected,100,yes,yes
2026-10-10T09:14:17,Paterson 4-Getty ave,connected,97,yes,yes
2026-10-10T09:14:42,Paterson 5 - Stout Street,connected,100,yes,yes
2026-10-10T09:15:38,Leonia 1 - Broad ave,connected,93,yes,yes
2026-10-10T09:16:03,Leonia 2 - Church Calvert,connected,100,yes,yes
2026-10-10T09:16:29,Leonia 3 - Broad ave East,connected,100,yes,yes
2026-10-10T09:16:54,Englewood 1 - Hamilton Ave,connected,100,yes,yes
2026-10-10T09:17:18,Englewood 2 - Forest Ave,connected,,,
2026-10-10T09:18:11,Englewood 3 - Wilbur Street,connected,100,yes,yes
2026-10-10T09:18:37,Englewood 5 - Crystal Lake,connected,96,yes,yes
2026-10-10T09:19:03,Rahway 1 - Jefferson Ave,connected,100,yes,yes
2026-10-10T09:19:26,Rahway 2 - Minor bridge,connected,47,yes,yes
2026-10-10T09:19:49,Rahway 3 - St George Ave,connected,100,yes,yes
2026-10-10T09:20:13,Rahway 4-NB Ave and George Ave,connected,100,yes,yes
2026-10-10T09:20:43,Rahway 5 - E Hazelwood Ave,connected,100,yes,yes
2026-10-10T09:21:08,Plainfield 1-East Front Street,connected,100,yes,yes
2026-10-10T09:21:31,Plainfield 2 - Netherwood Ave,connected,92,yes,yes
2026-10-10T09:21:57,Plainfield 3 - Watchung Ave,disconnected,,,
2026-10-10T09:23:24,Plainfield 4 - Stelle Ave,connected,100,yes,yes
2026-10-10T09:23:48,Plainfield 5 - Leland Ave,connected,100,yes,yes
2026-10-10T09:24:13,Plainfield 6 - Milton Park,connected,100,no,assumed
2026-10-10T09:24:38,Plainfield 7 - Randolph Road,connected,91,yes,yes
2026-10-10T09:25:10,Totowa 1-Lincoln Ave and Union,connected,100,yes,yes
2026-10-10T09:25:42,Totowa 2 - Jefferson Pl,connected,100,yes,yes
2026-10-10T09:26:07,Totowa 3 - Riverside Dr,connected,100,yes,yes
2026-10-10T09:26:30,Totowa 4-Riverside Dr Riverview,connected,100,yes,yes
2026-10-10T09:26:56,Totowa 5-Vreeland Ave,connected,100,yes,yes
2026-10-10T09:27:22,Dover 1 - Blackwell St,connected,100,yes,yes
2026-10-10T09:27:52,Dover 2 - Princeton Ave,connected,100,yes,yes
2026-10-10T09:28:16,Dover 3 - Morris Street,connected,46,yes,yes
2026-10-10T09:28:40,Dover 4 - E Mcfarlan,connected,100,yes,yes
2026-10-10T09:29:03,Dover 5 - River St,connected,100,yes,yes
2026-10-10T09:30:12,Ridgewood 1 - Irving Street,connected,100,yes,yes
2026-10-10T09:30:38,Ridgewood 2 - Ridgewood Ave,connected,100,yes,yes
2026-10-10T09:31:03,Ridgewood 3 - Graydon Park,connected,6,no,no
2026-10-10T09:31:25,Ridgewood 4-Irving St Bridge,connected,100,yes,yes
2026-10-10T09:31:51,Ridgewood 5 - Kingsbridge,disconnected,,,
2026-10-10T10:00:42,Irvington 1-Madison Ave,connected,66,no,no
2026-10-10T10:01:07,Irvington 2-Clinton Ave,connected,100,yes,yes
2026-10-10T10:01:30,Irvington 3-Lyons Ave,connected,100,no,assumed
2026-10-10T10:01:55,Irvington 4-40 Yale Ave,connected,92,yes,yes
2026-10-10T10:02:20,Irvington 5-Chancellor Park,connected,95,yes,yes
2026-10-10T10:02:45,Woodland Park 1-McBrideAve,connected,100,yes,yes
2026-10-10T10:03:08,Woodland Park 2 -Lackawanna Ave,connected,100,yes,yes
2026-10-10T10:03:31,Woodland Park 4-Andrews Dr,connected,100,yes,yes
2026-10-10T10:03:55,Woodland Park 6-Memorial Drive,connected,93,yes,yes
2026-10-10T10:04:23,Woodland Park 7-Hromiak Terrace,connected,53,yes,yes
2026-10-10T10:04:49,Cedar Grove 1 - Briarhill Rd,connected,100,yes,yes
2026-10-10T10:05:12,Cedar Grove 2 -Community park,connected,87,yes,yes
2026-10-10T10:05:46,Cedar Grove 3 - 653 Pompton Ave,connected,100,yes,yes
2026-10-10T10:06:11,Cedar Grove 4 -13 Commerce Rd,connected,100,yes,yes
2026-10-10T10:06:34,Cedar Grove 6 - 525 Pompton Ave,connected,100,yes,yes
2026-10-10T10:06:59,Scotch Plains1-TD Bank,connected,100,yes,yes
2026-10-10T10:07:26,Scotch Plains 2- Senger Pl,connected,100,yes,yes
2026-10-10T10:07:50,Scotch Plains 3-East Second St,connected,100,no,assumed
2026-10-10T10:08:17,Little Falls 1-LindsleyRd-CGRd,connected,100,yes,yes
2026-10-10T10:08:41,Little Falls 2 - E Main St,connected,100,yes,yes
2026-10-10T10:09:06,Little Falls 3-DPW Yard,connected,100,yes,yes
2026-10-10T10:09:29,Little Falls4-WilliamsStDairySt,connected,100,yes,yes
2026-10-10T10:09:54,Westwood 1 - Westwood Plaza,connected,92,yes,yes
2026-10-10T10:10:28,Westwood 2 - Fairview Ave,connected,100,no,assumed
2026-10-10T10:10:51,Westwood 3 - Brookside Park,connected,93,yes,yes
2026-10-10T10:11:17,Westwood 4 - Bridge By DPW,connected,100,yes,yes
2026-10-10T10:11:41,Verona 1 - E Ried Pl,connected,47,yes,yes
2026-10-10T10:12:08,Verona 2 - Bloomfield Ave,connected,93,yes,yes
2026-10-10T10:12:33,Verona 3 - Franklin St,connected,96,yes,yes
2026-10-10T10:12:58,Verona 4 - Ozone ave,connected,100,no,assumed
2026-10-10T10:13:24,Paterson 2-5th Ave and E 6th St,connected,100,yes,yes
2026-10-10T10:13:50,Paterson3-11th Ave and East25th,connected,100,yes,yes
2026-10-10T10:14:17,Paterson 4-Getty ave,connected,100,yes,yes
2026-10-10T10:14:40,Paterson 5 - Stout Street,connected,100,yes,yes
2026-10-10T10:15:32,Leonia 1 - Broad ave,connected,100,yes,yes
2026-10-10T10:16:00,Leonia 2 - Church Calvert,connected,100,yes,yes
2026-10-10T10:16:29,Leonia 3 - Broad ave East,connected,100,no,assumed
2026-10-10T10:16:53,Englewood 1 - Hamilton Ave,connected,100,yes,yes
2026-10-10T10:17:20,Englewood 2 - Forest Ave,connected,,,
2026-10-10T10:18:14,Englewood 3 - Wilbur Street,connected,100,no,assumed
2026-10-10T10:18:39,Englewood 5 - Crystal Lake,connected,100,yes,yes
2026-10-10T10:19:04,Rahway 1 - Jefferson Ave,connected,100,yes,yes
2026-10-10T10:19:27,Rahway 2 - Minor bridge,connected,47,yes,yes
2026-10-10T10:19:51,Rahway 3 - St George Ave,connected,100,yes,yes
2026-10-10T10:20:15,Rahway 4-NB Ave and George Ave,connected,100,yes,yes
2026-10-10T10:20:43,Rahway 5 - E Hazelwood Ave,connected,100,yes,yes
2026-10-10T10:21:11,Plainfield 1-East Front Street,connected,100,yes,yes
2026-10-10T10:21:37,Plainfield 2 - Netherwood Ave,connected,100,yes,yes
2026-10-10T10:22:03,Plainfield 3 - Watchung Ave,disconnected,,,
2026-10-10T10:23:31,Plainfield 4 - Stelle Ave,connected,100,no,assumed
2026-10-10T10:23:55,Plainfield 5 - Leland Ave,connected,100,yes,yes
2026-10-10T10:24:23,Plainfield 6 - Milton Park,connected,100,no,assumed
2026-10-10T10:24:50,Plainfield 7 - Randolph Road,connected,91,yes,yes
2026-10-10T10:25:22,Totowa 1-Lincoln Ave and Union,connected,100,yes,yes
2026-10-10T10:25:57,Totowa 2 - Jefferson Pl,connected,100,no,assumed
2026-10-10T10:26:21,Totowa 3 - Riverside Dr,connected,100,yes,yes
2026-10-10T10:26:45,Totowa 4-Riverside Dr Riverview,connected,100,yes,yes
2026-10-10T10:27:09,Totowa 5-Vreeland Ave,connected,100,yes,yes
2026-10-10T10:27:32,Dover 1 - Blackwell St,connected,100,yes,yes
2026-10-10T10:28:02,Dover 2 - Princeton Ave,connected,100,yes,yes
2026-10-10T10:28:24,Dover 3 - Morris Street,connected,46,yes,yes
2026-10-10T10:28:49,Dover 4 - E Mcfarlan,connected,100,no,assumed
2026-10-10T10:29:14,Dover 5 - River St,connected,100,yes,yes
2026-10-10T10:29:40,Ridgewood 1 - Irving Street,connected,100,yes,yes
2026-10-10T10:30:06,Ridgewood 2 - Ridgewood Ave,connected,100,yes,yes
2026-10-10T10:30:28,Ridgewood 3 - Graydon Park,connected,6,no,no
2026-10-10T10:30:51,Ridgewood 4-Irving St Bridge,connected,100,yes,yes
2026-10-10T10:31:17,Ridgewood 5 - Kingsbridge,disconnected,,,
2026-10-10T11:00:42,Irvington 1-Madison Ave,connected,66,no,no
2026-10-10T11:01:07,Irvington 2-Clinton Ave,connected,100,no,assumed
2026-10-10T11:01:29,Irvington 3-Lyons Ave,connected,100,no,assumed
2026-10-10T11:01:54,Irvington 4-40 Yale Ave,connected,92,yes,yes
2026-10-10T11:02:19,Irvington 5-Chancellor Park,connected,96,yes,yes
2026-10-10T11:02:43,Woodland Park 1-McBrideAve,connected,100,no,assumed
2026-10-10T11:03:06,Woodland Park 2 -Lackawanna Ave,connected,100,no,assumed
2026-10-10T11:03:29,Woodland Park 4-Andrews Dr,connected,100,yes,yes
2026-10-10T11:03:54,Woodland Park 6-Memorial Drive,connected,93,yes,yes
2026-10-10T11:04:27,Woodland Park 7-Hromiak Terrace,connected,53,yes,yes
2026-10-10T11:04:51,Cedar Grove 1 - Briarhill Rd,connected,100,no,assumed
2026-10-10T11:05:15,Cedar Grove 2 -Community park,connected,87,yes,yes
2026-10-10T11:05:59,Cedar Grove 3 - 653 Pompton Ave,connected,100,yes,yes
2026-10-10T11:06:23,Cedar Grove 4 -13 Commerce Rd,connected,100,yes,yes
2026-10-10T11:06:47,Cedar Grove 6 - 525 Pompton Ave,connected,100,yes,yes
2026-10-10T11:07:13,Scotch Plains1-TD Bank,connected,100,yes,yes
2026-10-10T11:07:37,Scotch Plains 2- Senger Pl,connected,100,no,assumed
2026-10-10T11:08:02,Scotch Plains 3-East Second St,connected,100,no,assumed
2026-10-10T11:08:28,Little Falls 1-LindsleyRd-CGRd,connected,100,no,assumed
2026-10-10T11:08:53,Little Falls 2 - E Main St,connected,100,yes,yes
2026-10-10T11:09:18,Little Falls 3-DPW Yard,connected,100,yes,yes
2026-10-10T11:09:42,Little Falls4-WilliamsStDairySt,connected,100,no,assumed
2026-10-10T11:10:07,Westwood 1 - Westwood Plaza,connected,100,yes,yes
2026-10-10T11:10:33,Westwood 2 - Fairview Ave,connected,100,no,assumed
2026-10-10T11:10:57,Westwood 3 - Brookside Park,connected,100,yes,yes
2026-10-10T11:11:20,Westwood 4 - Bridge By DPW,connected,100,yes,yes
2026-10-10T11:11:43,Verona 1 - E Ried Pl,connected,48,yes,yes
2026-10-10T11:12:15,Verona 2 - Bloomfield Ave,connected,93,yes,yes
2026-10-10T11:12:40,Verona 3 - Franklin St,connected,100,yes,yes
2026-10-10T11:13:06,Verona 4 - Ozone ave,connected,100,no,assumed
2026-10-10T11:13:30,Paterson 2-5th Ave and E 6th St,connected,100,yes,yes
2026-10-10T11:13:56,Paterson3-11th Ave and East25th,connected,100,no,assumed
2026-10-10T11:14:21,Paterson 4-Getty ave,connected,100,yes,yes
2026-10-10T11:14:46,Paterson 5 - Stout Street,connected,100,no,assumed
2026-10-10T11:15:57,Leonia 1 - Broad ave,connected,100,no,assumed
2026-10-10T11:16:21,Leonia 2 - Church Calvert,connected,100,yes,yes
2026-10-10T11:16:49,Leonia 3 - Broad ave East,connected,100,no,assumed
2026-10-10T11:17:12,Englewood 1 - Hamilton Ave,connected,100,yes,yes
2026-10-10T11:17:37,Englewood 2 - Forest Ave,connected,,,
2026-10-10T11:18:33,Englewood 3 - Wilbur Street,connected,100,no,assumed
2026-10-10T11:18:57,Englewood 5 - Crystal Lake,connected,100,yes,yes
2026-10-10T11:19:21,Rahway 1 - Jefferson Ave,connected,100,yes,yes
2026-10-10T11:19:44,Rahway 2 - Minor bridge,connected,47,yes,yes
2026-10-10T11:20:09,Rahway 3 - St George Ave,connected,100,yes,yes
2026-10-10T11:20:32,Rahway 4-NB Ave and George Ave,connected,100,no,assumed
2026-10-10T11:21:02,Rahway 5 - E Hazelwood Ave,connected,100,no,assumed
2026-10-10T11:21:25,Plainfield 1-East Front Street,connected,100,no,assumed
2026-10-10T11:21:49,Plainfield 2 - Netherwood Ave,connected,100,yes,yes
2026-10-10T11:22:14,Plainfield 3 - Watchung Ave,connected,17,yes,yes
2026-10-10T11:22:40,Plainfield 4 - Stelle Ave,connected,100,no,assumed
2026-10-10T11:23:05,Plainfield 5 - Leland Ave,connected,100,yes,yes
2026-10-10T11:23:27,Plainfield 6 - Milton Park,connected,100,no,assumed
2026-10-10T11:23:56,Plainfield 7 - Randolph Road,connected,92,yes,yes
2026-10-10T11:24:29,Totowa 1-Lincoln Ave and Union,connected,100,no,assumed
2026-10-10T11:25:03,Totowa 2 - Jefferson Pl,connected,100,no,assumed
2026-10-10T11:25:26,Totowa 3 - Riverside Dr,connected,100,yes,yes
2026-10-10T11:25:52,Totowa 4-Riverside Dr Riverview,connected,100,no,assumed
2026-10-10T11:26:18,Totowa 5-Vreeland Ave,connected,100,no,assumed
2026-10-10T11:26:43,Dover 1 - Blackwell St,connected,100,no,assumed
2026-10-10T11:27:13,Dover 2 - Princeton Ave,connected,100,yes,yes
2026-10-10T11:27:37,Dover 3 - Morris Street,connected,46,yes,yes
2026-10-10T11:28:04,Dover 4 - E Mcfarlan,connected,100,no,assumed
2026-10-10T11:28:28,Dover 5 - River St,connected,100,yes,yes
2026-10-10T11:28:53,Ridgewood 1 - Irving Street,connected,100,yes,yes
2026-10-10T11:29:18,Ridgewood 2 - Ridgewood Ave,connected,100,no,assumed
2026-10-10T11:29:43,Ridgewood 3 - Graydon Park,connected,1,yes,yes
2026-10-10T11:30:12,Ridgewood 4-Irving St Bridge,connected,100,yes,yes
2026-10-10T11:30:33,Ridgewood 5 - Kingsbridge,disconnected,,,
2026-10-10T12:00:42,Irvington 1-Madison Ave,connected,66,no,no
2026-10-10T12:01:08,Irvington 2-Clinton Ave,connected,100,no,assumed
2026-10-10T12:01:30,Irvington 3-Lyons Ave,connected,100,no,assumed
2026-10-10T12:01:55,Irvington 4-40 Yale Ave,connected,92,yes,yes
2026-10-10T12:02:19,Irvington 5-Chancellor Park,connected,100,yes,yes
2026-10-10T12:02:43,Woodland Park 1-McBrideAve,connected,100,no,assumed
2026-10-10T12:03:06,Woodland Park 2 -Lackawanna Ave,connected,100,no,assumed
2026-10-10T12:03:28,Woodland Park 4-Andrews Dr,connected,100,no,assumed
2026-10-10T12:03:54,Woodland Park 6-Memorial Drive,connected,100,yes,yes
2026-10-10T12:04:23,Woodland Park 7-Hromiak Terrace,connected,53,yes,yes
2026-10-10T12:04:48,Cedar Grove 1 - Briarhill Rd,connected,100,no,assumed
2026-10-10T12:05:11,Cedar Grove 2 -Community park,connected,88,yes,yes
2026-10-10T12:05:47,Cedar Grove 3 - 653 Pompton Ave,connected,100,yes,yes
2026-10-10T12:06:11,Cedar Grove 4 -13 Commerce Rd,connected,100,yes,yes
2026-10-10T12:06:40,Cedar Grove 6 - 525 Pompton Ave,connected,100,no,assumed
2026-10-10T12:07:06,Scotch Plains1-TD Bank,connected,100,yes,yes
2026-10-10T12:07:28,Scotch Plains 2- Senger Pl,connected,100,no,assumed
2026-10-10T12:07:52,Scotch Plains 3-East Second St,connected,100,no,assumed
2026-10-10T12:08:25,Little Falls 1-LindsleyRd-CGRd,connected,100,no,assumed
2026-10-10T12:08:49,Little Falls 2 - E Main St,connected,100,no,assumed
2026-10-10T12:09:14,Little Falls 3-DPW Yard,connected,100,no,assumed
2026-10-10T12:09:38,Little Falls4-WilliamsStDairySt,connected,100,no,assumed
2026-10-10T12:10:04,Westwood 1 - Westwood Plaza,connected,100,yes,yes
2026-10-10T12:10:31,Westwood 2 - Fairview Ave,connected,100,no,assumed
2026-10-10T12:10:57,Westwood 3 - Brookside Park,connected,100,yes,yes
2026-10-10T12:12:05,Westwood 4 - Bridge By DPW,connected,100,no,assumed
2026-10-10T12:12:27,Verona 1 - E Ried Pl,connected,50,yes,yes
2026-10-10T12:12:56,Verona 2 - Bloomfield Ave,connected,95,yes,yes
2026-10-10T12:13:21,Verona 3 - Franklin St,connected,100,yes,yes
2026-10-10T12:13:44,Verona 4 - Ozone ave,connected,100,no,assumed
2026-10-10T12:14:08,Paterson 2-5th Ave and E 6th St,connected,100,yes,yes
2026-10-10T12:14:30,Paterson3-11th Ave and East25th,connected,100,no,assumed
2026-10-10T12:14:56,Paterson 4-Getty ave,connected,100,yes,yes
2026-10-10T12:15:20,Paterson 5 - Stout Street,connected,100,no,assumed
2026-10-10T12:16:30,Leonia 1 - Broad ave,connected,100,no,assumed
2026-10-10T12:16:54,Leonia 2 - Church Calvert,connected,100,yes,yes
2026-10-10T12:17:25,Leonia 3 - Broad ave East,connected,100,no,assumed
2026-10-10T12:17:49,Englewood 1 - Hamilton Ave,connected,100,yes,yes
2026-10-10T12:18:13,Englewood 2 - Forest Ave,connected,78,yes,yes
2026-10-10T12:18:39,Englewood 3 - Wilbur Street,connected,100,no,assumed
2026-10-10T12:19:05,Englewood 5 - Crystal Lake,connected,100,no,assumed
2026-10-10T12:19:27,Rahway 1 - Jefferson Ave,connected,100,yes,yes
2026-10-10T12:19:51,Rahway 2 - Minor bridge,connected,47,yes,yes
2026-10-10T12:20:15,Rahway 3 - St George Ave,connected,100,no,assumed
2026-10-10T12:20:39,Rahway 4-NB Ave and George Ave,connected,100,no,assumed
2026-10-10T12:21:08,Rahway 5 - E Hazelwood Ave,connected,100,no,assumed
2026-10-10T12:21:30,Plainfield 1-East Front Street,connected,100,no,assumed
2026-10-10T12:21:55,Plainfield 2 - Netherwood Ave,connected,100,no,assumed
2026-10-10T12:22:19,Plainfield 3 - Watchung Ave,connected,18,yes,yes
2026-10-10T12:22:45,Plainfield 4 - Stelle Ave,connected,100,no,assumed
2026-10-10T12:23:09,Plainfield 5 - Leland Ave,connected,100,yes,yes
2026-10-10T12:23:36,Plainfield 6 - Milton Park,connected,100,no,assumed
2026-10-10T12:24:01,Plainfield 7 - Randolph Road,connected,97,yes,yes
2026-10-10T12:24:32,Totowa 1-Lincoln Ave and Union,connected,100,no,assumed
2026-10-10T12:25:06,Totowa 2 - Jefferson Pl,connected,100,no,assumed
2026-10-10T12:25:30,Totowa 3 - Riverside Dr,connected,100,no,assumed
2026-10-10T12:25:54,Totowa 4-Riverside Dr Riverview,connected,100,no,assumed
2026-10-10T12:26:19,Totowa 5-Vreeland Ave,connected,100,no,assumed
2026-10-10T12:26:45,Dover 1 - Blackwell St,connected,100,no,assumed
2026-10-10T12:27:14,Dover 2 - Princeton Ave,connected,100,yes,yes
2026-10-10T12:27:37,Dover 3 - Morris Street,connected,46,yes,yes
2026-10-10T12:28:01,Dover 4 - E Mcfarlan,connected,100,no,assumed
2026-10-10T12:28:29,Dover 5 - River St,connected,100,yes,yes
2026-10-10T12:28:55,Ridgewood 1 - Irving Street,connected,100,no,assumed
2026-10-10T12:29:21,Ridgewood 2 - Ridgewood Ave,connected,100,no,assumed
2026-10-10T12:29:47,Ridgewood 3 - Graydon Park,connected,1,yes,yes
2026-10-10T12:30:11,Ridgewood 4-Irving St Bridge,connected,100,no,assumed
2026-10-10T12:30:33,Ridgewood 5 - Kingsbridge,disconnected,,,
2026-10-10T13:00:43,Irvington 1-Madison Ave,connected,66,no,no
2026-10-10T13:01:07,Irvington 2-Clinton Ave,connected,100,no,assumed
2026-10-10T13:01:29,Irvington 3-Lyons Ave,connected,100,no,assumed
2026-10-10T13:01:58,Irvington 4-40 Yale Ave,connected,92,yes,yes
2026-10-10T13:02:23,Irvington 5-Chancellor Park,connected,100,yes,yes
2026-10-10T13:02:48,Woodland Park 1-McBrideAve,connected,100,no,assumed
2026-10-10T13:03:14,Woodland Park 2 -Lackawanna Ave,connected,100,no,assumed
2026-10-10T13:03:37,Woodland Park 4-Andrews Dr,connected,100,no,assumed
2026-10-10T13:04:02,Woodland Park 6-Memorial Drive,connected,100,no,assumed
2026-10-10T13:04:27,Woodland Park 7-Hromiak Terrace,connected,58,yes,yes
2026-10-10T13:04:52,Cedar Grove 1 - Briarhill Rd,connected,100,no,assumed
2026-10-10T13:05:16,Cedar Grove 2 -Community park,connected,88,yes,yes
2026-10-10T13:05:51,Cedar Grove 3 - 653 Pompton Ave,connected,100,yes,yes
2026-10-10T13:06:15,Cedar Grove 4 -13 Commerce Rd,connected,100,no,assumed
2026-10-10T13:06:38,Cedar Grove 6 - 525 Pompton Ave,connected,100,no,assumed
2026-10-10T13:07:03,Scotch Plains1-TD Bank,connected,100,yes,yes
2026-10-10T13:07:26,Scotch Plains 2- Senger Pl,connected,100,no,assumed
2026-10-10T13:07:52,Scotch Plains 3-East Second St,connected,100,no,assumed
2026-10-10T13:08:21,Little Falls 1-LindsleyRd-CGRd,connected,100,no,assumed
2026-10-10T13:08:45,Little Falls 2 - E Main St,connected,100,no,assumed
2026-10-10T13:09:09,Little Falls 3-DPW Yard,connected,100,no,assumed
2026-10-10T13:09:36,Little Falls4-WilliamsStDairySt,connected,100,no,assumed
2026-10-10T13:10:00,Westwood 1 - Westwood Plaza,connected,100,no,assumed
2026-10-10T13:10:32,Westwood 2 - Fairview Ave,connected,100,no,assumed
2026-10-10T13:10:57,Westwood 3 - Brookside Park,connected,100,yes,yes
2026-10-10T13:11:23,Westwood 4 - Bridge By DPW,connected,100,no,assumed
2026-10-10T13:11:47,Verona 1 - E Ried Pl,connected,50,yes,yes
2026-10-10T13:12:14,Verona 2 - Bloomfield Ave,connected,100,yes,yes
2026-10-10T13:12:40,Verona 3 - Franklin St,connected,100,no,assumed
2026-10-10T13:13:06,Verona 4 - Ozone ave,connected,100,no,assumed
2026-10-10T13:13:29,Paterson 2-5th Ave and E 6th St,connected,100,no,assumed
2026-10-10T13:13:56,Paterson3-11th Ave and East25th,connected,100,no,assumed
2026-10-10T13:14:21,Paterson 4-Getty ave,connected,100,no,assumed
2026-10-10T13:14:45,Paterson 5 - Stout Street,connected,100,no,assumed
2026-10-10T13:15:46,Leonia 1 - Broad ave,connected,100,no,assumed
2026-10-10T13:16:10,Leonia 2 - Church Calvert,connected,100,yes,yes
2026-10-10T13:16:36,Leonia 3 - Broad ave East,connected,100,no,assumed
2026-10-10T13:17:03,Englewood 1 - Hamilton Ave,connected,100,yes,yes
2026-10-10T13:17:26,Englewood 2 - Forest Ave,connected,78,yes,yes
2026-10-10T13:17:51,Englewood 3 - Wilbur Street,connected,100,no,assumed
2026-10-10T13:18:15,Englewood 5 - Crystal Lake,connected,100,no,assumed
2026-10-10T13:18:40,Rahway 1 - Jefferson Ave,connected,100,no,assumed
2026-10-10T13:19:04,Rahway 2 - Minor bridge,connected,48,yes,yes
2026-10-10T13:19:27,Rahway 3 - St George Ave,connected,100,no,assumed
2026-10-10T13:19:52,Rahway 4-NB Ave and George Ave,connected,100,no,assumed
2026-10-10T13:20:21,Rahway 5 - E Hazelwood Ave,connected,100,no,assumed
2026-10-10T13:20:43,Plainfield 1-East Front Street,connected,100,no,assumed
2026-10-10T13:21:09,Plainfield 2 - Netherwood Ave,connected,100,no,assumed
2026-10-10T13:21:31,Plainfield 3 - Watchung Ave,connected,21,yes,yes
2026-10-10T13:21:58,Plainfield 4 - Stelle Ave,connected,100,no,assumed
2026-10-10T13:22:24,Plainfield 5 - Leland Ave,connected,100,yes,yes
2026-10-10T13:22:51,Plainfield 6 - Milton Park,connected,100,no,assumed
2026-10-10T13:23:15,Plainfield 7 - Randolph Road,connected,100,yes,yes
2026-10-10T13:23:47,Totowa 1-Lincoln Ave and Union,connected,100,no,assumed
2026-10-10T13:24:21,Totowa 2 - Jefferson Pl,connected,100,no,assumed
2026-10-10T13:24:45,Totowa 3 - Riverside Dr,connected,100,no,assumed
2026-10-10T13:25:10,Totowa 4-Riverside Dr Riverview,connected,100,no,assumed
2026-10-10T13:25:33,Totowa 5-Vreeland Ave,connected,100,no,assumed
2026-10-10T13:25:59,Dover 1 - Blackwell St,connected,100,no,assumed
2026-10-10T13:26:27,Dover 2 - Princeton Ave,connected,100,yes,yes
2026-10-10T13:26:51,Dover 3 - Morris Street,connected,46,yes,yes
2026-10-10T13:27:16,Dover 4 - E Mcfarlan,connected,100,no,assumed
2026-10-10T13:27:43,Dover 5 - River St,connected,100,no,assumed
2026-10-10T13:28:07,Ridgewood 1 - Irving Street,connected,100,no,assumed
2026-10-10T13:28:29,Ridgewood 2 - Ridgewood Ave,connected,100,no,assumed
2026-10-10T13:28:54,Ridgewood 3 - Graydon Park,connected,1,yes,yes
2026-10-10T13:29:22,Ridgewood 4-Irving St Bridge,connected,100,no,assumed
2026-10-10T13:29:46,Ridgewood 5 - Kingsbridge,disconnected,,,
2026-10-10T14:00:42,Irvington 1-Madison Ave,connected,66,no,no
2026-10-10T14:01:08,Irvington 2-Clinton Ave,connected,100,no,assumed
2026-10-10T14:01:30,Irvington 3-Lyons Ave,connected,100,no,assumed
2026-10-10T14:01:58,Irvington 4-40 Yale Ave,connected,92,yes,yes
2026-10-10T14:02:23,Irvington 5-Chancellor Park,connected,100,yes,yes
2026-10-10T14:02:48,Woodland Park 1-McBrideAve,connected,100,no,assumed
2026-10-10T14:03:12,Woodland Park 2 -Lackawanna Ave,connected,100,yes,yes
2026-10-10T14:03:36,Woodland Park 4-Andrews Dr,connected,100,no,assumed
2026-10-10T14:04:00,Woodland Park 6-Memorial Drive,connected,100,no,assumed
2026-10-10T14:04:28,Woodland Park 7-Hromiak Terrace,connected,66,yes,yes
2026-10-10T14:04:54,Cedar Grove 1 - Briarhill Rd,connected,100,no,assumed
2026-10-10T14:05:18,Cedar Grove 2 -Community park,connected,88,yes,yes
2026-10-10T14:05:52,Cedar Grove 3 - 653 Pompton Ave,connected,100,yes,yes
2026-10-10T14:06:17,Cedar Grove 4 -13 Commerce Rd,connected,100,no,assumed
2026-10-10T14:06:42,Cedar Grove 6 - 525 Pompton Ave,connected,100,no,assumed
2026-10-10T14:07:07,Scotch Plains1-TD Bank,connected,100,yes,yes
2026-10-10T14:07:30,Scotch Plains 2- Senger Pl,connected,100,no,assumed
2026-10-10T14:07:53,Scotch Plains 3-East Second St,connected,100,no,assumed
2026-10-10T14:08:21,Little Falls 1-LindsleyRd-CGRd,connected,100,no,assumed
2026-10-10T14:08:45,Little Falls 2 - E Main St,connected,100,no,assumed
2026-10-10T14:09:09,Little Falls 3-DPW Yard,connected,100,no,assumed
2026-10-10T14:09:31,Little Falls4-WilliamsStDairySt,connected,100,no,assumed
2026-10-10T14:09:57,Westwood 1 - Westwood Plaza,connected,100,no,assumed
2026-10-10T14:10:30,Westwood 2 - Fairview Ave,connected,100,no,assumed
2026-10-10T14:10:54,Westwood 3 - Brookside Park,connected,100,no,assumed
2026-10-10T14:11:19,Westwood 4 - Bridge By DPW,connected,100,no,assumed
2026-10-10T14:11:42,Verona 1 - E Ried Pl,connected,50,yes,yes
2026-10-10T14:12:11,Verona 2 - Bloomfield Ave,connected,100,yes,yes
2026-10-10T14:12:35,Verona 3 - Franklin St,connected,100,no,assumed
2026-10-10T14:13:01,Verona 4 - Ozone ave,connected,100,no,assumed
2026-10-10T14:13:25,Paterson 2-5th Ave and E 6th St,connected,100,no,assumed
2026-10-10T14:13:49,Paterson3-11th Ave and East25th,connected,100,no,assumed
2026-10-10T14:14:15,Paterson 4-Getty ave,connected,100,no,assumed
2026-10-10T14:14:39,Paterson 5 - Stout Street,connected,100,no,assumed
2026-10-10T14:15:34,Leonia 1 - Broad ave,connected,100,no,assumed
2026-10-10T14:16:00,Leonia 2 - Church Calvert,connected,100,no,assumed
2026-10-10T14:16:27,Leonia 3 - Broad ave East,connected,100,no,assumed
2026-10-10T14:16:51,Englewood 1 - Hamilton Ave,connected,100,yes,yes
2026-10-10T14:17:15,Englewood 2 - Forest Ave,connected,78,yes,yes
2026-10-10T14:17:41,Englewood 3 - Wilbur Street,connected,100,no,assumed
2026-10-10T14:18:06,Englewood 5 - Crystal Lake,connected,100,no,assumed
2026-10-10T14:18:29,Rahway 1 - Jefferson Ave,connected,100,no,assumed
2026-10-10T14:18:53,Rahway 2 - Minor bridge,connected,48,yes,yes
2026-10-10T14:19:19,Rahway 3 - St George Ave,connected,100,no,assumed
2026-10-10T14:19:42,Rahway 4-NB Ave and George Ave,connected,100,no,assumed
2026-10-10T14:20:12,Rahway 5 - E Hazelwood Ave,connected,100,no,assumed
2026-10-10T14:20:38,Plainfield 1-East Front Street,connected,100,no,assumed
2026-10-10T14:21:03,Plainfield 2 - Netherwood Ave,connected,100,no,assumed
2026-10-10T14:21:26,Plainfield 3 - Watchung Ave,connected,21,yes,yes
2026-10-10T14:21:53,Plainfield 4 - Stelle Ave,connected,100,no,assumed
2026-10-10T14:22:16,Plainfield 5 - Leland Ave,connected,100,yes,yes
2026-10-10T14:22:40,Plainfield 6 - Milton Park,connected,100,no,assumed
2026-10-10T14:23:06,Plainfield 7 - Randolph Road,connected,100,yes,yes
2026-10-10T14:23:30,Totowa 1-Lincoln Ave and Union,connected,100,no,assumed
2026-10-10T14:24:05,Totowa 2 - Jefferson Pl,connected,100,no,assumed
2026-10-10T14:24:28,Totowa 3 - Riverside Dr,connected,100,no,assumed
2026-10-10T14:24:52,Totowa 4-Riverside Dr Riverview,connected,100,no,assumed
2026-10-10T14:25:16,Totowa 5-Vreeland Ave,connected,100,no,assumed
2026-10-10T14:25:41,Dover 1 - Blackwell St,connected,100,no,assumed
2026-10-10T14:26:10,Dover 2 - Princeton Ave,connected,100,yes,yes
2026-10-10T14:26:36,Dover 3 - Morris Street,connected,46,yes,yes
2026-10-10T14:27:02,Dover 4 - E Mcfarlan,connected,100,no,assumed
2026-10-10T14:27:25,Dover 5 - River St,connected,100,no,assumed
2026-10-10T14:27:51,Ridgewood 1 - Irving Street,connected,100,no,assumed
2026-10-10T14:28:17,Ridgewood 2 - Ridgewood Ave,connected,100,no,assumed
2026-10-10T14:28:41,Ridgewood 3 - Graydon Park,connected,9,yes,yes
2026-10-10T14:29:06,Ridgewood 4-Irving St Bridge,connected,100,no,assumed
2026-10-10T14:29:28,Ridgewood 5 - Kingsbridge,disconnected,,,
2026-10-10T15:00:42,Irvington 1-Madison Ave,connected,66,no,no
2026-10-10T15:01:06,Irvington 2-Clinton Ave,connected,100,no,assumed
2026-10-10T15:01:30,Irvington 3-Lyons Ave,connected,100,no,assumed
2026-10-10T15:01:53,Irvington 4-40 Yale Ave,connected,92,yes,yes
2026-10-10T15:02:19,Irvington 5-Chancellor Park,connected,100,yes,yes
2026-10-10T15:02:42,Woodland Park 1-McBrideAve,connected,100,no,assumed
2026-10-10T15:03:07,Woodland Park 2 -Lackawanna Ave,connected,100,yes,yes
2026-10-10T15:03:30,Woodland Park 4-Andrews Dr,connected,100,no,assumed
2026-10-10T15:03:55,Woodland Park 6-Memorial Drive,connected,100,no,assumed
2026-10-10T15:04:24,Woodland Park 7-Hromiak Terrace,connected,62,yes,yes
2026-10-10T15:04:48,Cedar Grove 1 - Briarhill Rd,connected,100,no,assumed
2026-10-10T15:05:11,Cedar Grove 2 -Community park,connected,89,yes,yes
2026-10-10T15:05:50,Cedar Grove 3 - 653 Pompton Ave,connected,100,yes,yes
2026-10-10T15:06:14,Cedar Grove 4 -13 Commerce Rd,connected,100,no,assumed
2026-10-10T15:06:38,Cedar Grove 6 - 525 Pompton Ave,connected,100,no,assumed
2026-10-10T15:07:03,Scotch Plains1-TD Bank,connected,100,no,assumed
2026-10-10T15:07:25,Scotch Plains 2- Senger Pl,connected,100,no,assumed
2026-10-10T15:07:49,Scotch Plains 3-East Second St,connected,100,no,assumed
2026-10-10T15:08:20,Little Falls 1-LindsleyRd-CGRd,connected,100,no,assumed
2026-10-10T15:08:46,Little Falls 2 - E Main St,connected,100,no,assumed
2026-10-10T15:09:09,Little Falls 3-DPW Yard,connected,100,no,assumed
2026-10-10T15:09:38,Little Falls4-WilliamsStDairySt,connected,100,no,assumed
2026-10-10T15:10:02,Westwood 1 - Westwood Plaza,connected,100,no,assumed
2026-10-10T15:10:33,Westwood 2 - Fairview Ave,connected,100,no,assumed
2026-10-10T15:10:57,Westwood 3 - Brookside Park,connected,100,no,assumed
2026-10-10T15:11:22,Westwood 4 - Bridge By DPW,connected,100,no,assumed
2026-10-10T15:11:46,Verona 1 - E Ried Pl,connected,53,yes,yes
2026-10-10T15:12:15,Verona 2 - Bloomfield Ave,connected,100,yes,yes
2026-10-10T15:12:40,Verona 3 - Franklin St,connected,100,no,assumed
2026-10-10T15:13:04,Verona 4 - Ozone ave,connected,100,no,assumed
2026-10-10T15:13:27,Paterson 2-5th Ave and E 6th St,connected,100,no,assumed
2026-10-10T15:13:52,Paterson3-11th Ave and East25th,connected,100,no,assumed
2026-10-10T15:14:17,Paterson 4-Getty ave,connected,100,no,assumed
2026-10-10T15:14:41,Paterson 5 - Stout Street,connected,100,no,assumed
2026-10-10T15:15:49,Leonia 1 - Broad ave,connected,100,no,assumed
2026-10-10T15:16:14,Leonia 2 - Church Calvert,connected,100,no,assumed
2026-10-10T15:16:43,Leonia 3 - Broad ave East,connected,100,no,assumed
2026-10-10T15:17:07,Englewood 1 - Hamilton Ave,connected,100,yes,yes
2026-10-10T15:17:30,Englewood 2 - Forest Ave,connected,80,yes,yes
2026-10-10T15:17:54,Englewood 3 - Wilbur Street,connected,100,no,assumed
2026-10-10T15:18:19,Englewood 5 - Crystal Lake,connected,100,no,assumed
2026-10-10T15:18:42,Rahway 1 - Jefferson Ave,connected,100,no,assumed
2026-10-10T15:19:10,Rahway 2 - Minor bridge,connected,48,yes,yes
2026-10-10T15:19:34,Rahway 3 - St George Ave,connected,100,no,assumed
2026-10-10T15:19:58,Rahway 4-NB Ave and George Ave,connected,100,no,assumed
2026-10-10T15:20:27,Rahway 5 - E Hazelwood Ave,connected,100,no,assumed
2026-10-10T15:20:52,Plainfield 1-East Front Street,connected,100,no,assumed
2026-10-10T15:21:17,Plainfield 2 - Netherwood Ave,connected,100,no,assumed
2026-10-10T15:21:40,Plainfield 3 - Watchung Ave,connected,22,yes,yes
2026-10-10T15:22:06,Plainfield 4 - Stelle Ave,connected,100,no,assumed
2026-10-10T15:22:29,Plainfield 5 - Leland Ave,connected,100,yes,yes
2026-10-10T15:22:54,Plainfield 6 - Milton Park,connected,100,no,assumed
2026-10-10T15:23:18,Plainfield 7 - Randolph Road,connected,100,no,assumed
2026-10-10T15:23:50,Totowa 1-Lincoln Ave and Union,connected,100,no,assumed
2026-10-10T15:24:24,Totowa 2 - Jefferson Pl,connected,100,no,assumed
2026-10-10T15:24:50,Totowa 3 - Riverside Dr,connected,100,yes,yes
2026-10-10T15:25:14,Totowa 4-Riverside Dr Riverview,connected,100,no,assumed
2026-10-10T15:25:39,Totowa 5-Vreeland Ave,connected,100,no,assumed
2026-10-10T15:26:04,Dover 1 - Blackwell St,connected,100,no,assumed
2026-10-10T15:26:32,Dover 2 - Princeton Ave,connected,100,yes,yes
2026-10-10T15:26:57,Dover 3 - Morris Street,connected,46,yes,yes
2026-10-10T15:27:22,Dover 4 - E Mcfarlan,connected,100,no,assumed
2026-10-10T15:27:46,Dover 5 - River St,connected,100,no,assumed
2026-10-10T15:28:11,Ridgewood 1 - Irving Street,connected,100,no,assumed
2026-10-10T15:28:34,Ridgewood 2 - Ridgewood Ave,connected,100,no,assumed
2026-10-10T15:29:02,Ridgewood 3 - Graydon Park,connected,9,yes,yes
2026-10-10T15:29:28,Ridgewood 4-Irving St Bridge,connected,100,no,assumed
2026-10-10T15:29:52,Ridgewood 5 - Kingsbridge,connected,18,yes,yes
2026-10-10T16:00:42,Irvington 1-Madison Ave,connected,65,no,no
2026-10-10T16:01:07,Irvington 2-Clinton Ave,connected,100,no,assumed
2026-10-10T16:01:28,Irvington 3-Lyons Ave,connected,100,no,assumed
2026-10-10T16:01:54,Irvington 4-40 Yale Ave,connected,92,yes,yes
2026-10-10T16:02:18,Irvington 5-Chancellor Park,connected,100,yes,yes
2026-10-10T16:02:42,Woodland Park 1-McBrideAve,connected,100,no,assumed
2026-10-10T16:03:06,Woodland Park 2 -Lackawanna Ave,connected,100,yes,yes
2026-10-10T16:03:29,Woodland Park 4-Andrews Dr,connected,100,no,assumed
2026-10-10T16:03:55,Woodland Park 6-Memorial Drive,connected,100,no,assumed
2026-10-10T16:04:25,Woodland Park 7-Hromiak Terrace,connected,62,yes,yes
2026-10-10T16:04:49,Cedar Grove 1 - Briarhill Rd,connected,100,no,assumed
2026-10-10T16:05:12,Cedar Grove 2 -Community park,connected,90,yes,yes
2026-10-10T16:05:52,Cedar Grove 3 - 653 Pompton Ave,connected,100,yes,yes
2026-10-10T16:06:16,Cedar Grove 4 -13 Commerce Rd,connected,100,no,assumed
2026-10-10T16:06:40,Cedar Grove 6 - 525 Pompton Ave,connected,100,no,assumed
2026-10-10T16:07:04,Scotch Plains1-TD Bank,connected,100,no,assumed
2026-10-10T16:07:26,Scotch Plains 2- Senger Pl,connected,100,no,assumed
2026-10-10T16:07:51,Scotch Plains 3-East Second St,connected,100,no,assumed
2026-10-10T16:08:24,Little Falls 1-LindsleyRd-CGRd,connected,100,no,assumed
2026-10-10T16:08:49,Little Falls 2 - E Main St,connected,100,no,assumed
2026-10-10T16:09:12,Little Falls 3-DPW Yard,connected,100,no,assumed
2026-10-10T16:09:39,Little Falls4-WilliamsStDairySt,connected,100,no,assumed
2026-10-10T16:10:06,Westwood 1 - Westwood Plaza,connected,100,no,assumed
2026-10-10T16:10:32,Westwood 2 - Fairview Ave,connected,100,no,assumed
2026-10-10T16:10:56,Westwood 3 - Brookside Park,connected,100,no,assumed
2026-10-10T16:11:20,Westwood 4 - Bridge By DPW,connected,100,no,assumed
2026-10-10T16:11:45,Verona 1 - E Ried Pl,connected,87,yes,yes
2026-10-10T16:12:12,Verona 2 - Bloomfield Ave,connected,100,no,assumed
2026-10-10T16:12:37,Verona 3 - Franklin St,connected,100,no,assumed
2026-10-10T16:13:03,Verona 4 - Ozone ave,connected,100,no,assumed
2026-10-10T16:13:29,Paterson 2-5th Ave and E 6th St,connected,100,no,assumed
2026-10-10T16:13:54,Paterson3-11th Ave and East25th,connected,100,no,assumed
2026-10-10T16:14:18,Paterson 4-Getty ave,connected,100,no,assumed
2026-10-10T16:14:42,Paterson 5 - Stout Street,connected,100,no,assumed
2026-10-10T16:15:52,Leonia 1 - Broad ave,connected,100,no,assumed
2026-10-10T16:16:17,Leonia 2 - Church Calvert,connected,100,no,assumed
2026-10-10T16:16:45,Leonia 3 - Broad ave East,connected,100,no,assumed
2026-10-10T16:17:10,Englewood 1 - Hamilton Ave,connected,100,yes,yes
2026-10-10T16:17:38,Englewood 2 - Forest Ave,connected,80,yes,yes
2026-10-10T16:18:02,Englewood 3 - Wilbur Street,connected,100,no,assumed
2026-10-10T16:18:25,Englewood 5 - Crystal Lake,connected,100,no,assumed
2026-10-10T16:18:49,Rahway 1 - Jefferson Ave,connected,100,no,assumed
2026-10-10T16:19:14,Rahway 2 - Minor bridge,connected,48,yes,yes
2026-10-10T16:19:39,Rahway 3 - St George Ave,connected,100,no,assumed
2026-10-10T16:20:02,Rahway 4-NB Ave and George Ave,connected,100,no,assumed
2026-10-10T16:20:27,Rahway 5 - E Hazelwood Ave,connected,100,no,assumed
2026-10-10T16:20:51,Plainfield 1-East Front Street,connected,100,no,assumed
2026-10-10T16:21:15,Plainfield 2 - Netherwood Ave,connected,100,no,assumed
2026-10-10T16:21:42,Plainfield 3 - Watchung Ave,connected,22,yes,yes
2026-10-10T16:22:09,Plainfield 4 - Stelle Ave,connected,100,no,assumed
2026-10-10T16:22:31,Plainfield 5 - Leland Ave,connected,100,no,assumed
2026-10-10T16:22:55,Plainfield 6 - Milton Park,connected,100,no,assumed
2026-10-10T16:23:20,Plainfield 7 - Randolph Road,connected,100,no,assumed
2026-10-10T16:23:51,Totowa 1-Lincoln Ave and Union,connected,100,no,assumed
2026-10-10T16:25:09,Totowa 2 - Jefferson Pl,connected,100,no,assumed
2026-10-10T16:25:33,Totowa 3 - Riverside Dr,connected,100,yes,yes
2026-10-10T16:25:57,Totowa 4-Riverside Dr Riverview,connected,100,no,assumed
2026-10-10T16:26:21,Totowa 5-Vreeland Ave,connected,100,no,assumed
2026-10-10T16:26:45,Dover 1 - Blackwell St,connected,100,no,assumed
2026-10-10T16:27:14,Dover 2 - Princeton Ave,connected,100,yes,yes
2026-10-10T16:27:37,Dover 3 - Morris Street,connected,46,yes,yes
2026-10-10T16:28:02,Dover 4 - E Mcfarlan,connected,100,no,assumed
2026-10-10T16:28:27,Dover 5 - River St,connected,100,no,assumed
2026-10-10T16:28:53,Ridgewood 1 - Irving Street,connected,100,no,assumed
2026-10-10T16:29:19,Ridgewood 2 - Ridgewood Ave,connected,100,no,assumed
2026-10-10T16:29:43,Ridgewood 3 - Graydon Park,connected,9,yes,yes
2026-10-10T16:30:11,Ridgewood 4-Irving St Bridge,connected,100,no,assumed
2026-10-10T16:30:34,Ridgewood 5 - Kingsbridge,connected,18,yes,yes
2026-10-10T17:00:42,Irvington 1-Madison Ave,connected,65,no,no
2026-10-10T17:01:07,Irvington 2-Clinton Ave,connected,100,no,assumed
2026-10-10T17:01:30,Irvington 3-Lyons Ave,connected,100,no,assumed
2026-10-10T17:01:56,Irvington 4-40 Yale Ave,connected,91,yes,yes
2026-10-10T17:02:21,Irvington 5-Chancellor Park,connected,100,yes,yes
2026-10-10T17:02:44,Woodland Park 1-McBrideAve,connected,100,no,assumed
2026-10-10T17:03:07,Woodland Park 2 -Lackawanna Ave,connected,100,yes,yes
2026-10-10T17:03:30,Woodland Park 4-Andrews Dr,connected,100,no,assumed
2026-10-10T17:03:54,Woodland Park 6-Memorial Drive,connected,100,no,assumed
2026-10-10T17:04:22,Woodland Park 7-Hromiak Terrace,connected,60,yes,yes
2026-10-10T17:04:47,Cedar Grove 1 - Briarhill Rd,connected,100,no,assumed
2026-10-10T17:05:11,Cedar Grove 2 -Community park,connected,91,yes,yes
2026-10-10T17:05:46,Cedar Grove 3 - 653 Pompton Ave,connected,100,yes,yes
2026-10-10T17:06:53,Cedar Grove 4 -13 Commerce Rd,connected,100,no,assumed
2026-10-10T17:07:18,Cedar Grove 6 - 525 Pompton Ave,connected,100,no,assumed
2026-10-10T17:07:41,Scotch Plains1-TD Bank,connected,100,no,assumed
2026-10-10T17:08:05,Scotch Plains 2- Senger Pl,connected,100,no,assumed
2026-10-10T17:08:27,Scotch Plains 3-East Second St,connected,100,no,assumed
2026-10-10T17:08:55,Little Falls 1-LindsleyRd-CGRd,connected,100,no,assumed
2026-10-10T17:09:20,Little Falls 2 - E Main St,connected,100,no,assumed
2026-10-10T17:09:43,Little Falls 3-DPW Yard,connected,100,no,assumed
2026-10-10T17:10:06,Little Falls4-WilliamsStDairySt,connected,100,no,assumed
2026-10-10T17:10:28,Westwood 1 - Westwood Plaza,connected,100,no,assumed
2026-10-10T17:11:00,Westwood 2 - Fairview Ave,connected,100,no,assumed
2026-10-10T17:11:24,Westwood 3 - Brookside Park,connected,100,no,assumed
2026-10-10T17:11:50,Westwood 4 - Bridge By DPW,connected,100,no,assumed
2026-10-10T17:12:15,Verona 1 - E Ried Pl,connected,66,yes,yes
2026-10-10T17:12:43,Verona 2 - Bloomfield Ave,connected,100,no,assumed
2026-10-10T17:13:07,Verona 3 - Franklin St,connected,100,no,assumed
2026-10-10T17:13:30,Verona 4 - Ozone ave,connected,100,no,assumed
2026-10-10T17:13:54,Paterson 2-5th Ave and E 6th St,connected,100,no,assumed
2026-10-10T17:14:18,Paterson3-11th Ave and East25th,connected,100,no,assumed
2026-10-10T17:14:42,Paterson 4-Getty ave,connected,100,no,assumed
2026-10-10T17:15:07,Paterson 5 - Stout Street,connected,100,no,assumed
2026-10-10T17:16:04,Leonia 1 - Broad ave,connected,100,no,assumed
2026-10-10T17:16:25,Leonia 2 - Church Calvert,connected,100,no,assumed
2026-10-10T17:16:53,Leonia 3 - Broad ave East,connected,100,no,assumed
2026-10-10T17:17:18,Englewood 1 - Hamilton Ave,connected,100,yes,yes
2026-10-10T17:17:42,Englewood 2 - Forest Ave,connected,80,yes,yes
2026-10-10T17:18:05,Englewood 3 - Wilbur Street,connected,100,no,assumed
2026-10-10T17:18:29,Englewood 5 - Crystal Lake,connected,100,no,assumed
2026-10-10T17:18:54,Rahway 1 - Jefferson Ave,connected,100,no,assumed
2026-10-10T17:19:19,Rahway 2 - Minor bridge,connected,48,yes,yes
2026-10-10T17:19:43,Rahway 3 - St George Ave,connected,100,no,assumed
2026-10-10T17:20:07,Rahway 4-NB Ave and George Ave,connected,100,no,assumed
2026-10-10T17:20:33,Rahway 5 - E Hazelwood Ave,connected,100,no,assumed
2026-10-10T17:20:58,Plainfield 1-East Front Street,connected,100,no,assumed
2026-10-10T17:21:25,Plainfield 2 - Netherwood Ave,connected,100,no,assumed
2026-10-10T17:21:51,Plainfield 3 - Watchung Ave,connected,22,yes,yes
2026-10-10T17:22:19,Plainfield 4 - Stelle Ave,connected,100,no,assumed
2026-10-10T17:22:42,Plainfield 5 - Leland Ave,connected,100,no,assumed
2026-10-10T17:23:06,Plainfield 6 - Milton Park,connected,100,no,assumed
2026-10-10T17:23:28,Plainfield 7 - Randolph Road,connected,100,no,assumed
2026-10-10T17:24:04,Totowa 1-Lincoln Ave and Union,connected,100,no,assumed
2026-10-10T17:24:36,Totowa 2 - Jefferson Pl,connected,100,no,assumed
2026-10-10T17:25:01,Totowa 3 - Riverside Dr,connected,100,yes,yes
2026-10-10T17:25:24,Totowa 4-Riverside Dr Riverview,connected,100,no,assumed
2026-10-10T17:25:50,Totowa 5-Vreeland Ave,connected,100,no,assumed
2026-10-10T17:27:38,Dover 1 - Blackwell St,connected,100,no,assumed
2026-10-10T17:28:07,Dover 2 - Princeton Ave,connected,100,yes,yes
2026-10-10T17:28:29,Dover 3 - Morris Street,connected,46,yes,yes
2026-10-10T17:28:56,Dover 4 - E Mcfarlan,connected,100,no,assumed
2026-10-10T17:29:22,Dover 5 - River St,connected,100,no,assumed
2026-10-10T17:29:47,Ridgewood 1 - Irving Street,connected,100,no,assumed
2026-10-10T17:30:12,Ridgewood 2 - Ridgewood Ave,connected,100,no,assumed
2026-10-10T17:30:35,Ridgewood 3 - Graydon Park,connected,9,yes,yes
2026-10-10T17:30:59,Ridgewood 4-Irving St Bridge,connected,100,no,assumed
2026-10-10T17:31:24,Ridgewood 5 - Kingsbridge,connected,18,yes,yes
2026-10-10T20:00:43,Irvington 1-Madison Ave,connected,63,no,no
2026-10-10T20:01:09,Irvington 2-Clinton Ave,connected,100,no,assumed
2026-10-10T20:01:32,Irvington 3-Lyons Ave,connected,100,no,assumed
2026-10-10T20:01:57,Irvington 4-40 Yale Ave,connected,90,no,no
2026-10-10T20:02:22,Irvington 5-Chancellor Park,connected,95,no,no
2026-10-10T20:02:46,Woodland Park 1-McBrideAve,connected,100,no,assumed
2026-10-10T20:03:09,Woodland Park 2 -Lackawanna Ave,connected,100,no,assumed
2026-10-10T20:03:33,Woodland Park 4-Andrews Dr,connected,100,no,assumed
2026-10-10T20:03:57,Woodland Park 6-Memorial Drive,connected,100,no,assumed
2026-10-10T20:04:26,Woodland Park 7-Hromiak Terrace,connected,58,no,no
2026-10-10T20:04:53,Cedar Grove 1 - Briarhill Rd,connected,100,no,assumed
2026-10-10T20:05:19,Cedar Grove 2 -Community park,connected,100,no,assumed
2026-10-10T20:05:52,Cedar Grove 3 - 653 Pompton Ave,connected,100,no,assumed
2026-10-10T20:06:15,Cedar Grove 4 -13 Commerce Rd,connected,100,no,assumed
2026-10-10T20:06:39,Cedar Grove 6 - 525 Pompton Ave,connected,100,no,assumed
2026-10-10T20:07:04,Scotch Plains1-TD Bank,connected,100,no,assumed
2026-10-10T20:07:25,Scotch Plains 2- Senger Pl,connected,100,no,assumed
2026-10-10T20:07:50,Scotch Plains 3-East Second St,connected,100,no,assumed
2026-10-10T20:08:20,Little Falls 1-LindsleyRd-CGRd,connected,100,no,assumed
2026-10-10T20:08:44,Little Falls 2 - E Main St,connected,100,no,assumed
2026-10-10T20:09:07,Little Falls 3-DPW Yard,connected,100,no,assumed
2026-10-10T20:09:30,Little Falls4-WilliamsStDairySt,connected,100,no,assumed
2026-10-10T20:09:53,Westwood 1 - Westwood Plaza,connected,100,no,assumed
2026-10-10T20:10:28,Westwood 2 - Fairview Ave,connected,100,no,assumed
2026-10-10T20:10:53,Westwood 3 - Brookside Park,connected,100,no,assumed
2026-10-10T20:11:18,Westwood 4 - Bridge By DPW,connected,100,no,assumed
2026-10-10T20:11:42,Verona 1 - E Ried Pl,connected,58,no,no
2026-10-10T20:12:10,Verona 2 - Bloomfield Ave,connected,100,no,assumed
2026-10-10T20:12:34,Verona 3 - Franklin St,connected,100,no,assumed
2026-10-10T20:13:01,Verona 4 - Ozone ave,connected,100,no,assumed
2026-10-10T20:13:26,Paterson 2-5th Ave and E 6th St,connected,100,no,assumed
2026-10-10T20:13:52,Paterson3-11th Ave and East25th,connected,100,no,assumed
2026-10-10T20:14:18,Paterson 4-Getty ave,connected,100,no,assumed
2026-10-10T20:14:42,Paterson 5 - Stout Street,connected,100,no,assumed
2026-10-10T20:15:07,Leonia 1 - Broad ave,connected,100,no,assumed
2026-10-10T20:15:29,Leonia 2 - Church Calvert,connected,100,no,assumed
2026-10-10T20:15:58,Leonia 3 - Broad ave East,connected,100,no,assumed
2026-10-10T20:16:26,Englewood 1 - Hamilton Ave,connected,100,no,assumed
2026-10-10T20:16:50,Englewood 2 - Forest Ave,connected,17,no,no
2026-10-10T20:17:16,Englewood 3 - Wilbur Street,connected,100,no,assumed
2026-10-10T20:17:39,Englewood 5 - Crystal Lake,connected,100,no,assumed
2026-10-10T20:18:04,Rahway 1 - Jefferson Ave,connected,100,no,assumed
2026-10-10T20:18:26,Rahway 2 - Minor bridge,connected,48,no,no
2026-10-10T20:18:52,Rahway 3 - St George Ave,connected,100,no,assumed
2026-10-10T20:19:18,Rahway 4-NB Ave and George Ave,connected,100,no,assumed
2026-10-10T20:19:46,Rahway 5 - E Hazelwood Ave,connected,100,no,assumed
2026-10-10T20:20:09,Plainfield 1-East Front Street,connected,100,no,assumed
2026-10-10T20:20:32,Plainfield 2 - Netherwood Ave,connected,100,no,assumed
2026-10-10T20:20:55,Plainfield 3 - Watchung Ave,connected,15,no,no
2026-10-10T20:21:22,Plainfield 4 - Stelle Ave,connected,100,no,assumed
2026-10-10T20:21:45,Plainfield 5 - Leland Ave,connected,100,no,assumed
2026-10-10T20:22:09,Plainfield 6 - Milton Park,connected,100,no,assumed
2026-10-10T20:22:31,Plainfield 7 - Randolph Road,connected,100,no,assumed
2026-10-10T20:23:03,Totowa 1-Lincoln Ave and Union,connected,100,no,assumed
2026-10-10T20:23:34,Totowa 2 - Jefferson Pl,connected,100,no,assumed
2026-10-10T20:23:59,Totowa 3 - Riverside Dr,connected,100,no,assumed
2026-10-10T20:24:26,Totowa 4-Riverside Dr Riverview,connected,100,no,assumed
2026-10-10T20:24:51,Totowa 5-Vreeland Ave,connected,100,no,assumed
2026-10-10T20:25:16,Dover 1 - Blackwell St,connected,100,no,assumed
2026-10-10T20:25:46,Dover 2 - Princeton Ave,connected,100,no,assumed
2026-10-10T20:26:10,Dover 3 - Morris Street,connected,46,no,no
2026-10-10T20:26:36,Dover 4 - E Mcfarlan,connected,100,no,assumed
2026-10-10T20:27:01,Dover 5 - River St,connected,100,no,assumed
2026-10-10T20:27:24,Ridgewood 1 - Irving Street,connected,100,no,assumed
2026-10-10T20:27:51,Ridgewood 2 - Ridgewood Ave,connected,100,no,assumed
2026-10-10T20:28:15,Ridgewood 3 - Graydon Park,connected,6,no,no
2026-10-10T20:28:39,Ridgewood 4-Irving St Bridge,connected,100,no,assumed
2026-10-10T20:29:03,Ridgewood 5 - Kingsbridge,connected,13,no,no
2026-10-10T21:00:42,Irvington 1-Madison Ave,connected,62,no,no
2026-10-10T21:01:06,Irvington 2-Clinton Ave,connected,100,no,assumed
2026-10-10T21:01:28,Irvington 3-Lyons Ave,connected,100,no,assumed
2026-10-10T21:01:54,Irvington 4-40 Yale Ave,connected,90,no,no
2026-10-10T21:02:18,Irvington 5-Chancellor Park,connected,93,no,no
2026-10-10T21:02:42,Woodland Park 1-McBrideAve,connected,100,no,assumed
2026-10-10T21:03:06,Woodland Park 2 -Lackawanna Ave,connected,100,no,assumed
2026-10-10T21:03:29,Woodland Park 4-Andrews Dr,connected,100,no,assumed
2026-10-10T21:03:52,Woodland Park 6-Memorial Drive,connected,100,no,assumed
2026-10-10T21:04:20,Woodland Park 7-Hromiak Terrace,connected,58,no,no
2026-10-10T21:04:43,Cedar Grove 1 - Briarhill Rd,connected,100,no,assumed
2026-10-10T21:05:07,Cedar Grove 2 -Community park,connected,99,no,no
2026-10-10T21:05:43,Cedar Grove 3 - 653 Pompton Ave,connected,100,no,assumed
2026-10-10T21:06:08,Cedar Grove 4 -13 Commerce Rd,connected,100,no,assumed
2026-10-10T21:06:31,Cedar Grove 6 - 525 Pompton Ave,connected,100,no,assumed
2026-10-10T21:06:56,Scotch Plains1-TD Bank,connected,100,no,assumed
2026-10-10T21:07:24,Scotch Plains 2- Senger Pl,connected,100,no,assumed
2026-10-10T21:07:50,Scotch Plains 3-East Second St,connected,100,no,assumed
2026-10-10T21:08:17,Little Falls 1-LindsleyRd-CGRd,connected,100,no,assumed
2026-10-10T21:08:42,Little Falls 2 - E Main St,connected,100,no,assumed
2026-10-10T21:09:06,Little Falls 3-DPW Yard,connected,100,no,assumed
2026-10-10T21:09:29,Little Falls4-WilliamsStDairySt,connected,100,no,assumed
2026-10-10T21:09:55,Westwood 1 - Westwood Plaza,connected,100,no,assumed
2026-10-10T21:10:29,Westwood 2 - Fairview Ave,connected,100,no,assumed
2026-10-10T21:10:53,Westwood 3 - Brookside Park,connected,100,no,assumed
2026-10-10T21:11:16,Westwood 4 - Bridge By DPW,connected,100,no,assumed
2026-10-10T21:11:41,Verona 1 - E Ried Pl,connected,60,no,no
2026-10-10T21:12:10,Verona 2 - Bloomfield Ave,connected,100,no,assumed
2026-10-10T21:12:35,Verona 3 - Franklin St,connected,100,no,assumed
2026-10-10T21:12:59,Verona 4 - Ozone ave,connected,100,no,assumed
2026-10-10T21:13:25,Paterson 2-5th Ave and E 6th St,connected,100,no,assumed
2026-10-10T21:13:49,Paterson3-11th Ave and East25th,connected,100,no,assumed
2026-10-10T21:14:15,Paterson 4-Getty ave,connected,100,no,assumed
2026-10-10T21:14:39,Paterson 5 - Stout Street,connected,100,no,assumed
2026-10-10T21:15:49,Leonia 1 - Broad ave,connected,100,no,assumed
2026-10-10T21:16:12,Leonia 2 - Church Calvert,connected,100,no,assumed
2026-10-10T21:16:38,Leonia 3 - Broad ave East,connected,100,no,assumed
2026-10-10T21:17:02,Englewood 1 - Hamilton Ave,connected,100,no,assumed
2026-10-10T21:17:25,Englewood 2 - Forest Ave,connected,17,no,no
2026-10-10T21:17:49,Englewood 3 - Wilbur Street,connected,100,no,assumed
2026-10-10T21:18:14,Englewood 5 - Crystal Lake,connected,100,no,assumed
2026-10-10T21:18:38,Rahway 1 - Jefferson Ave,connected,100,no,assumed
2026-10-10T21:19:03,Rahway 2 - Minor bridge,connected,48,no,no
2026-10-10T21:19:26,Rahway 3 - St George Ave,connected,100,no,assumed
2026-10-10T21:19:52,Rahway 4-NB Ave and George Ave,connected,100,no,assumed
2026-10-10T21:20:21,Rahway 5 - E Hazelwood Ave,connected,100,no,assumed
2026-10-10T21:20:44,Plainfield 1-East Front Street,connected,100,no,assumed
2026-10-10T21:21:09,Plainfield 2 - Netherwood Ave,connected,100,no,assumed
2026-10-10T21:21:31,Plainfield 3 - Watchung Ave,connected,13,no,no
2026-10-10T21:21:58,Plainfield 4 - Stelle Ave,connected,100,no,assumed
2026-10-10T21:22:22,Plainfield 5 - Leland Ave,connected,100,no,assumed
2026-10-10T21:22:47,Plainfield 6 - Milton Park,connected,100,no,assumed
2026-10-10T21:23:10,Plainfield 7 - Randolph Road,connected,100,no,assumed
2026-10-10T21:23:45,Totowa 1-Lincoln Ave and Union,connected,100,no,assumed
2026-10-10T21:24:19,Totowa 2 - Jefferson Pl,connected,100,no,assumed
2026-10-10T21:24:43,Totowa 3 - Riverside Dr,connected,100,no,assumed
2026-10-10T21:25:11,Totowa 4-Riverside Dr Riverview,connected,100,no,assumed
2026-10-10T21:25:34,Totowa 5-Vreeland Ave,connected,100,no,assumed
2026-10-10T21:25:59,Dover 1 - Blackwell St,connected,100,no,assumed
2026-10-10T21:26:30,Dover 2 - Princeton Ave,connected,100,no,assumed
2026-10-10T21:26:55,Dover 3 - Morris Street,connected,46,no,no
2026-10-10T21:27:19,Dover 4 - E Mcfarlan,connected,100,no,assumed
2026-10-10T21:27:44,Dover 5 - River St,connected,100,no,assumed
2026-10-10T21:28:07,Ridgewood 1 - Irving Street,connected,100,no,assumed
2026-10-10T21:28:31,Ridgewood 2 - Ridgewood Ave,connected,100,no,assumed
2026-10-10T21:28:55,Ridgewood 3 - Graydon Park,connected,8,no,no
2026-10-10T21:29:20,Ridgewood 4-Irving St Bridge,connected,100,no,assumed
2026-10-10T21:29:45,Ridgewood 5 - Kingsbridge,connected,,,
